------------------------------------------------------------------------- Tabla `tipoDocumentos`
INSERT INTO tipoDocumentos (TipoDoc_desc,TipoDoc_id) VALUES ("Cédula de ciudadanía","CC");
INSERT INTO tipoDocumentos (TipoDoc_desc,TipoDoc_id) VALUES ("Cédula de extranjería","CE");
INSERT INTO tipoDocumentos (TipoDoc_desc,TipoDoc_id) VALUES ("NIT","NT");

--------------------------------------------------------------------------Tabla `formas_pagos`
INSERT INTO formas_pagos ( FP_descripcion , FP_id ) VALUES ( 'Tarjeta de crédito' , 'TC' );
INSERT INTO formas_pagos ( FP_descripcion , FP_id ) VALUES ( 'Tarjeta débito ' , 'TD' );
INSERT INTO formas_pagos ( FP_descripcion , FP_id ) VALUES ( 'Pago en efectivo' , 'PE' );
INSERT INTO formas_pagos ( FP_descripcion , FP_id ) VALUES ( 'Pago en bancos' , 'PB' );
INSERT INTO formas_pagos ( FP_descripcion , FP_id ) VALUES ( 'Pago en línea' , 'PO' );

-------------------------------------------------------------------------- Tabla departamentos
INSERT INTO departamentos ( cod_depar , depar_nombre ) VALUES ( 05  ,'Antioquia');
INSERT INTO departamentos ( cod_depar , depar_nombre ) VALUES ( 08  ,'Atlántico');
INSERT INTO departamentos ( cod_depar , depar_nombre ) VALUES ( 11  ,'Bogotá DC');
INSERT INTO departamentos ( cod_depar , depar_nombre ) VALUES ( 13  ,'Bolívar');
INSERT INTO departamentos ( cod_depar , depar_nombre ) VALUES ( 15  ,'Boyacá');
INSERT INTO departamentos ( cod_depar , depar_nombre ) VALUES ( 17  ,'Caldas');
INSERT INTO departamentos ( cod_depar , depar_nombre ) VALUES ( 18  ,'Caquetá');
INSERT INTO departamentos ( cod_depar , depar_nombre ) VALUES ( 19  ,'Cauca');
INSERT INTO departamentos ( cod_depar , depar_nombre ) VALUES ( 20  ,'Cesar');
INSERT INTO departamentos ( cod_depar , depar_nombre ) VALUES ( 23  ,'Córdoba');
INSERT INTO departamentos ( cod_depar , depar_nombre ) VALUES ( 25  ,'Cundinamarca');
INSERT INTO departamentos ( cod_depar , depar_nombre ) VALUES ( 27  ,'Chocó');
INSERT INTO departamentos ( cod_depar , depar_nombre ) VALUES ( 41  ,'Huila');
INSERT INTO departamentos ( cod_depar , depar_nombre ) VALUES ( 44  ,'La Guajira');
INSERT INTO departamentos ( cod_depar , depar_nombre ) VALUES ( 47  ,'Magdalena');
INSERT INTO departamentos ( cod_depar , depar_nombre ) VALUES ( 50  ,'Meta');
INSERT INTO departamentos ( cod_depar , depar_nombre ) VALUES ( 52  ,'Nariño');
INSERT INTO departamentos ( cod_depar , depar_nombre ) VALUES ( 54  ,'Norte de Santander');
INSERT INTO departamentos ( cod_depar , depar_nombre ) VALUES ( 63  ,'Quindio');
INSERT INTO departamentos ( cod_depar , depar_nombre ) VALUES ( 66  ,'Risaralda');
INSERT INTO departamentos ( cod_depar , depar_nombre ) VALUES ( 68  ,'Santander');
INSERT INTO departamentos ( cod_depar , depar_nombre ) VALUES ( 70  ,'Sucre');
INSERT INTO departamentos ( cod_depar , depar_nombre ) VALUES ( 73  ,'Tolima');
INSERT INTO departamentos ( cod_depar , depar_nombre ) VALUES ( 76  ,'Valle del Cauca');
INSERT INTO departamentos ( cod_depar , depar_nombre ) VALUES ( 81  ,'Arauca');
INSERT INTO departamentos ( cod_depar , depar_nombre ) VALUES ( 85  ,'Casanare');
INSERT INTO departamentos ( cod_depar , depar_nombre ) VALUES ( 86  ,'Putumayo');
INSERT INTO departamentos ( cod_depar , depar_nombre ) VALUES ( 88  ,'San Andrés, Providencia y Santa Catalina');
INSERT INTO departamentos ( cod_depar , depar_nombre ) VALUES ( 91  ,'Amazonas');
INSERT INTO departamentos ( cod_depar , depar_nombre ) VALUES ( 94  ,'Guainía');
INSERT INTO departamentos ( cod_depar , depar_nombre ) VALUES ( 95  ,'Guaviare');
INSERT INTO departamentos ( cod_depar , depar_nombre ) VALUES ( 97  ,'Vaupés');
INSERT INTO departamentos ( cod_depar , depar_nombre ) VALUES ( 99  ,'Vichada');

----------------------------------------------------------------- Tabla `localidades`
INSERT INTO localidades ( cod_localidad , Local_nombre ) VALUES ( 15, 'Antonio Nariño' );
INSERT INTO localidades ( cod_localidad , Local_nombre ) VALUES ( 12, 'Barrios unidos' );
INSERT INTO localidades ( cod_localidad , Local_nombre ) VALUES ( 7, 'Bosa' );
INSERT INTO localidades ( cod_localidad , Local_nombre ) VALUES ( 17, 'Candelaria' );
INSERT INTO localidades ( cod_localidad , Local_nombre ) VALUES ( 2, 'Chapinero' );
INSERT INTO localidades ( cod_localidad , Local_nombre ) VALUES ( 19, 'Ciudad Bolívar' );
INSERT INTO localidades ( cod_localidad , Local_nombre ) VALUES ( 10, 'Engativa' );
INSERT INTO localidades ( cod_localidad , Local_nombre ) VALUES ( 9, 'Fontibon' );
INSERT INTO localidades ( cod_localidad , Local_nombre ) VALUES ( 8, 'Kennedy' );
INSERT INTO localidades ( cod_localidad , Local_nombre ) VALUES ( 14, 'Los mártires ' );
INSERT INTO localidades ( cod_localidad , Local_nombre ) VALUES ( 16, 'Puente Aranda' );
INSERT INTO localidades ( cod_localidad , Local_nombre ) VALUES ( 18, 'Rafael Uribe' );
INSERT INTO localidades ( cod_localidad , Local_nombre ) VALUES ( 4, 'San Cristóbal' );
INSERT INTO localidades ( cod_localidad , Local_nombre ) VALUES ( 3, 'Santa fe' );
INSERT INTO localidades ( cod_localidad , Local_nombre ) VALUES ( 11, 'Suba' );
INSERT INTO localidades ( cod_localidad , Local_nombre ) VALUES ( 13, 'Teusaquillo' );
INSERT INTO localidades ( cod_localidad , Local_nombre ) VALUES ( 6, 'Tunjuelito' );
INSERT INTO localidades ( cod_localidad , Local_nombre ) VALUES ( 1, 'Usaquen' );
INSERT INTO localidades ( cod_localidad , Local_nombre ) VALUES ( 5, 'Usme' );

---------------------------------------------------------------- Tabla `ciudades`
INSERT INTO ciudades ( ciudad_nombre , cod_depar , cod_ciudad ) VALUES ('Medellín' , 05 ,05001 );
INSERT INTO ciudades ( ciudad_nombre , cod_depar , cod_ciudad ) VALUES ('Abejorral' , 05 ,05002 );
INSERT INTO ciudades ( ciudad_nombre , cod_depar , cod_ciudad ) VALUES ('Abriaquí' , 05 ,05004 );
INSERT INTO ciudades ( ciudad_nombre , cod_depar , cod_ciudad ) VALUES ('Alejandría' , 05 ,05021 );
INSERT INTO ciudades ( ciudad_nombre , cod_depar , cod_ciudad ) VALUES ('Amaga' , 05 ,05030 );
INSERT INTO ciudades ( ciudad_nombre , cod_depar , cod_ciudad ) VALUES ('Amalfi' , 05 ,05031 );
INSERT INTO ciudades ( ciudad_nombre , cod_depar , cod_ciudad ) VALUES ('Andes' , 05 ,05034 );
INSERT INTO ciudades ( ciudad_nombre , cod_depar , cod_ciudad ) VALUES ('Angelópolis' , 05 ,05036 );
INSERT INTO ciudades ( ciudad_nombre , cod_depar , cod_ciudad ) VALUES ('Angostura' , 05 ,05038 );
INSERT INTO ciudades ( ciudad_nombre , cod_depar , cod_ciudad ) VALUES ('Anorí' , 05 ,05040 );
INSERT INTO ciudades ( ciudad_nombre , cod_depar , cod_ciudad ) VALUES ('Santa Fe De Antioquia' , 05 ,05042 );
INSERT INTO ciudades ( ciudad_nombre , cod_depar , cod_ciudad ) VALUES ('Anza' , 05 ,05044 );
INSERT INTO ciudades ( ciudad_nombre , cod_depar , cod_ciudad ) VALUES ('Apartado' , 05 ,05045 );
INSERT INTO ciudades ( ciudad_nombre , cod_depar , cod_ciudad ) VALUES ('Arboletes' , 05 ,05051 );
INSERT INTO ciudades ( ciudad_nombre , cod_depar , cod_ciudad ) VALUES ('Argelia' , 05 ,05055 );
INSERT INTO ciudades ( ciudad_nombre , cod_depar , cod_ciudad ) VALUES ('Armenia' , 05 ,05059 );
INSERT INTO ciudades ( ciudad_nombre , cod_depar , cod_ciudad ) VALUES ('Barbosa' , 05 ,05079 );
INSERT INTO ciudades ( ciudad_nombre , cod_depar , cod_ciudad ) VALUES ('Belmira' , 05 ,05086 );
INSERT INTO ciudades ( ciudad_nombre , cod_depar , cod_ciudad ) VALUES ('Bello' , 05 ,05088 );
INSERT INTO ciudades ( ciudad_nombre , cod_depar , cod_ciudad ) VALUES ('Betania' , 05 ,05091 );
INSERT INTO ciudades ( ciudad_nombre , cod_depar , cod_ciudad ) VALUES ('Betulia' , 05 ,05093 );
INSERT INTO ciudades ( ciudad_nombre , cod_depar , cod_ciudad ) VALUES ('Ciudad Bolívar' , 05 ,05101 );
INSERT INTO ciudades ( ciudad_nombre , cod_depar , cod_ciudad ) VALUES ('Briceño' , 05 ,05107 );
INSERT INTO ciudades ( ciudad_nombre , cod_depar , cod_ciudad ) VALUES ('Buriticá' , 05 ,05113 );
INSERT INTO ciudades ( ciudad_nombre , cod_depar , cod_ciudad ) VALUES ('Cáceres' , 05 ,05120 );
INSERT INTO ciudades ( ciudad_nombre , cod_depar , cod_ciudad ) VALUES ('Caicedo' , 05 ,05125 );
INSERT INTO ciudades ( ciudad_nombre , cod_depar , cod_ciudad ) VALUES ('Caldas' , 05 ,05129 );
INSERT INTO ciudades ( ciudad_nombre , cod_depar , cod_ciudad ) VALUES ('Campamento' , 05 ,05134 );
INSERT INTO ciudades ( ciudad_nombre , cod_depar , cod_ciudad ) VALUES ('Cañasgordas' , 05 ,05138 );
INSERT INTO ciudades ( ciudad_nombre , cod_depar , cod_ciudad ) VALUES ('Caracolí' , 05 ,05142 );
INSERT INTO ciudades ( ciudad_nombre , cod_depar , cod_ciudad ) VALUES ('Caramanta' , 05 ,05145 );
INSERT INTO ciudades ( ciudad_nombre , cod_depar , cod_ciudad ) VALUES ('Carepa' , 05 ,05147 );
INSERT INTO ciudades ( ciudad_nombre , cod_depar , cod_ciudad ) VALUES ('El Carmen De Viboral' , 05 ,05148 );
INSERT INTO ciudades ( ciudad_nombre , cod_depar , cod_ciudad ) VALUES ('Carolina' , 05 ,05150 );
INSERT INTO ciudades ( ciudad_nombre , cod_depar , cod_ciudad ) VALUES ('Caucasia' , 05 ,05154 );
INSERT INTO ciudades ( ciudad_nombre , cod_depar , cod_ciudad ) VALUES ('Chigorodó' , 05 ,05172 );
INSERT INTO ciudades ( ciudad_nombre , cod_depar , cod_ciudad ) VALUES ('Cisneros' , 05 ,05190 );
INSERT INTO ciudades ( ciudad_nombre , cod_depar , cod_ciudad ) VALUES ('Cocorná' , 05 ,05197 );
INSERT INTO ciudades ( ciudad_nombre , cod_depar , cod_ciudad ) VALUES ('Concepción' , 05 ,05206 );
INSERT INTO ciudades ( ciudad_nombre , cod_depar , cod_ciudad ) VALUES ('Concordia' , 05 ,05209 );
INSERT INTO ciudades ( ciudad_nombre , cod_depar , cod_ciudad ) VALUES ('Copacabana' , 05 ,05212 );
INSERT INTO ciudades ( ciudad_nombre , cod_depar , cod_ciudad ) VALUES ('Dabeiba' , 05 ,05234 );
INSERT INTO ciudades ( ciudad_nombre , cod_depar , cod_ciudad ) VALUES ('Don Matías' , 05 ,05237 );
INSERT INTO ciudades ( ciudad_nombre , cod_depar , cod_ciudad ) VALUES ('Ebéjico' , 05 ,05240 );
INSERT INTO ciudades ( ciudad_nombre , cod_depar , cod_ciudad ) VALUES ('El Bagre' , 05 ,05250 );
INSERT INTO ciudades ( ciudad_nombre , cod_depar , cod_ciudad ) VALUES ('Entrerrios' , 05 ,05264 );
INSERT INTO ciudades ( ciudad_nombre , cod_depar , cod_ciudad ) VALUES ('Envigado' , 05 ,05266 );
INSERT INTO ciudades ( ciudad_nombre , cod_depar , cod_ciudad ) VALUES ('Fredonia' , 05 ,05282 );
INSERT INTO ciudades ( ciudad_nombre , cod_depar , cod_ciudad ) VALUES ('Frontino' , 05 ,05284 );
INSERT INTO ciudades ( ciudad_nombre , cod_depar , cod_ciudad ) VALUES ('Giraldo' , 05 ,05306 );
INSERT INTO ciudades ( ciudad_nombre , cod_depar , cod_ciudad ) VALUES ('Girardota' , 05 ,05308 );
INSERT INTO ciudades ( ciudad_nombre , cod_depar , cod_ciudad ) VALUES ('Gómez Plata' , 05 ,05310 );
INSERT INTO ciudades ( ciudad_nombre , cod_depar , cod_ciudad ) VALUES ('Granada' , 05 ,05313 );
INSERT INTO ciudades ( ciudad_nombre , cod_depar , cod_ciudad ) VALUES ('Guadalupe' , 05 ,05315 );
INSERT INTO ciudades ( ciudad_nombre , cod_depar , cod_ciudad ) VALUES ('Guarne' , 05 ,05318 );
INSERT INTO ciudades ( ciudad_nombre , cod_depar , cod_ciudad ) VALUES ('Guatapé' , 05 ,05321 );
INSERT INTO ciudades ( ciudad_nombre , cod_depar , cod_ciudad ) VALUES ('Heliconia' , 05 ,05347 );
INSERT INTO ciudades ( ciudad_nombre , cod_depar , cod_ciudad ) VALUES ('Hispania' , 05 ,05353 );
INSERT INTO ciudades ( ciudad_nombre , cod_depar , cod_ciudad ) VALUES ('Itagüí' , 05 ,05360 );
INSERT INTO ciudades ( ciudad_nombre , cod_depar , cod_ciudad ) VALUES ('Ituango' , 05 ,05361 );
INSERT INTO ciudades ( ciudad_nombre , cod_depar , cod_ciudad ) VALUES ('Jardín' , 05 ,05364 );
INSERT INTO ciudades ( ciudad_nombre , cod_depar , cod_ciudad ) VALUES ('Jericó' , 05 ,05368 );
INSERT INTO ciudades ( ciudad_nombre , cod_depar , cod_ciudad ) VALUES ('La Ceja' , 05 ,05376 );
INSERT INTO ciudades ( ciudad_nombre , cod_depar , cod_ciudad ) VALUES ('La Estrella' , 05 ,05380 );
INSERT INTO ciudades ( ciudad_nombre , cod_depar , cod_ciudad ) VALUES ('La Pintada' , 05 ,05390 );
INSERT INTO ciudades ( ciudad_nombre , cod_depar , cod_ciudad ) VALUES ('La Unión' , 05 ,05400 );
INSERT INTO ciudades ( ciudad_nombre , cod_depar , cod_ciudad ) VALUES ('Liborina' , 05 ,05411 );
INSERT INTO ciudades ( ciudad_nombre , cod_depar , cod_ciudad ) VALUES ('Maceo' , 05 ,05425 );
INSERT INTO ciudades ( ciudad_nombre , cod_depar , cod_ciudad ) VALUES ('Marinilla' , 05 ,05440 );
INSERT INTO ciudades ( ciudad_nombre , cod_depar , cod_ciudad ) VALUES ('Montebello' , 05 ,05467 );
INSERT INTO ciudades ( ciudad_nombre , cod_depar , cod_ciudad ) VALUES ('Murindó' , 05 ,05475 );
INSERT INTO ciudades ( ciudad_nombre , cod_depar , cod_ciudad ) VALUES ('Mutatá' , 05 ,05480 );
INSERT INTO ciudades ( ciudad_nombre , cod_depar , cod_ciudad ) VALUES ('Nariño' , 05 ,05483 );
INSERT INTO ciudades ( ciudad_nombre , cod_depar , cod_ciudad ) VALUES ('Necoclí' , 05 ,05490 );
INSERT INTO ciudades ( ciudad_nombre , cod_depar , cod_ciudad ) VALUES ('Nechí' , 05 ,05495 );
INSERT INTO ciudades ( ciudad_nombre , cod_depar , cod_ciudad ) VALUES ('Olaya' , 05 ,05501 );
INSERT INTO ciudades ( ciudad_nombre , cod_depar , cod_ciudad ) VALUES ('Peñol' , 05 ,05541 );
INSERT INTO ciudades ( ciudad_nombre , cod_depar , cod_ciudad ) VALUES ('Peque' , 05 ,05543 );
INSERT INTO ciudades ( ciudad_nombre , cod_depar , cod_ciudad ) VALUES ('Pueblorrico' , 05 ,05576 );
INSERT INTO ciudades ( ciudad_nombre , cod_depar , cod_ciudad ) VALUES ('Puerto Berrío' , 05 ,05579 );
INSERT INTO ciudades ( ciudad_nombre , cod_depar , cod_ciudad ) VALUES ('Puerto Nare' , 05 ,05585 );
INSERT INTO ciudades ( ciudad_nombre , cod_depar , cod_ciudad ) VALUES ('Puerto Triunfo' , 05 ,05591 );
INSERT INTO ciudades ( ciudad_nombre , cod_depar , cod_ciudad ) VALUES ('Remedios' , 05 ,05604 );
INSERT INTO ciudades ( ciudad_nombre , cod_depar , cod_ciudad ) VALUES ('Retiro' , 05 ,05607 );
INSERT INTO ciudades ( ciudad_nombre , cod_depar , cod_ciudad ) VALUES ('Rionegro' , 05 ,05615 );
INSERT INTO ciudades ( ciudad_nombre , cod_depar , cod_ciudad ) VALUES ('Sabanalarga' , 05 ,05628 );
INSERT INTO ciudades ( ciudad_nombre , cod_depar , cod_ciudad ) VALUES ('Sabaneta' , 05 ,05631 );
INSERT INTO ciudades ( ciudad_nombre , cod_depar , cod_ciudad ) VALUES ('Salgar' , 05 ,05642 );
INSERT INTO ciudades ( ciudad_nombre , cod_depar , cod_ciudad ) VALUES ('San Andrés' , 05 ,05647 );
INSERT INTO ciudades ( ciudad_nombre , cod_depar , cod_ciudad ) VALUES ('San Carlos' , 05 ,05649 );
INSERT INTO ciudades ( ciudad_nombre , cod_depar , cod_ciudad ) VALUES ('San Francisco' , 05 ,05652 );
INSERT INTO ciudades ( ciudad_nombre , cod_depar , cod_ciudad ) VALUES ('San Jerónimo' , 05 ,05656 );
INSERT INTO ciudades ( ciudad_nombre , cod_depar , cod_ciudad ) VALUES ('San José De La Montaña' , 05 ,05658 );
INSERT INTO ciudades ( ciudad_nombre , cod_depar , cod_ciudad ) VALUES ('San Juan De Urabá' , 05 ,05659 );
INSERT INTO ciudades ( ciudad_nombre , cod_depar , cod_ciudad ) VALUES ('San Luis' , 05 ,05660 );
INSERT INTO ciudades ( ciudad_nombre , cod_depar , cod_ciudad ) VALUES ('San Pedro' , 05 ,05664 );
INSERT INTO ciudades ( ciudad_nombre , cod_depar , cod_ciudad ) VALUES ('San Pedro De Urabá' , 05 ,05665 );
INSERT INTO ciudades ( ciudad_nombre , cod_depar , cod_ciudad ) VALUES ('San Rafael' , 05 ,05667 );
INSERT INTO ciudades ( ciudad_nombre , cod_depar , cod_ciudad ) VALUES ('San Roque' , 05 ,05670 );
INSERT INTO ciudades ( ciudad_nombre , cod_depar , cod_ciudad ) VALUES ('San Vicente' , 05 ,05674 );
INSERT INTO ciudades ( ciudad_nombre , cod_depar , cod_ciudad ) VALUES ('Santa Barbara' , 05 ,05679 );
INSERT INTO ciudades ( ciudad_nombre , cod_depar , cod_ciudad ) VALUES ('Santa Rosa De Osos' , 05 ,05686 );
INSERT INTO ciudades ( ciudad_nombre , cod_depar , cod_ciudad ) VALUES ('Santo Domingo' , 05 ,05690 );
INSERT INTO ciudades ( ciudad_nombre , cod_depar , cod_ciudad ) VALUES ('El Santuario' , 05 ,05697 );
INSERT INTO ciudades ( ciudad_nombre , cod_depar , cod_ciudad ) VALUES ('Segovia' , 05 ,05736 );
INSERT INTO ciudades ( ciudad_nombre , cod_depar , cod_ciudad ) VALUES ('Sonsón' , 05 ,05756 );
INSERT INTO ciudades ( ciudad_nombre , cod_depar , cod_ciudad ) VALUES ('Sopetrán' , 05 ,05761 );
INSERT INTO ciudades ( ciudad_nombre , cod_depar , cod_ciudad ) VALUES ('Támesis' , 05 ,05789 );
INSERT INTO ciudades ( ciudad_nombre , cod_depar , cod_ciudad ) VALUES ('Taraza' , 05 ,05790 );
INSERT INTO ciudades ( ciudad_nombre , cod_depar , cod_ciudad ) VALUES ('Tarso' , 05 ,05792 );
INSERT INTO ciudades ( ciudad_nombre , cod_depar , cod_ciudad ) VALUES ('Titiribí' , 05 ,05809 );
INSERT INTO ciudades ( ciudad_nombre , cod_depar , cod_ciudad ) VALUES ('Toledo' , 05 ,05819 );
INSERT INTO ciudades ( ciudad_nombre , cod_depar , cod_ciudad ) VALUES ('Turbo' , 05 ,05837 );
INSERT INTO ciudades ( ciudad_nombre , cod_depar , cod_ciudad ) VALUES ('Uramita' , 05 ,05842 );
INSERT INTO ciudades ( ciudad_nombre , cod_depar , cod_ciudad ) VALUES ('Urrao' , 05 ,05847 );
INSERT INTO ciudades ( ciudad_nombre , cod_depar , cod_ciudad ) VALUES ('Valdivia' , 05 ,05854 );
INSERT INTO ciudades ( ciudad_nombre , cod_depar , cod_ciudad ) VALUES ('Valparaíso' , 05 ,05856 );
INSERT INTO ciudades ( ciudad_nombre , cod_depar , cod_ciudad ) VALUES ('Vegachí' , 05 ,05858 );
INSERT INTO ciudades ( ciudad_nombre , cod_depar , cod_ciudad ) VALUES ('Venecia' , 05 ,05861 );
INSERT INTO ciudades ( ciudad_nombre , cod_depar , cod_ciudad ) VALUES ('Vigía Del Fuerte' , 05 ,05873 );
INSERT INTO ciudades ( ciudad_nombre , cod_depar , cod_ciudad ) VALUES ('Yalí' , 05 ,05885 );
INSERT INTO ciudades ( ciudad_nombre , cod_depar , cod_ciudad ) VALUES ('Yarumal' , 05 ,05887 );
INSERT INTO ciudades ( ciudad_nombre , cod_depar , cod_ciudad ) VALUES ('Yolombó' , 05 ,05890 );
INSERT INTO ciudades ( ciudad_nombre , cod_depar , cod_ciudad ) VALUES ('Yondó' , 05 ,05893 );
INSERT INTO ciudades ( ciudad_nombre , cod_depar , cod_ciudad ) VALUES ('Zaragoza' , 05 ,05895 );
INSERT INTO ciudades ( ciudad_nombre , cod_depar , cod_ciudad ) VALUES ('Barranquilla' , 08 ,08001 );
INSERT INTO ciudades ( ciudad_nombre , cod_depar , cod_ciudad ) VALUES ('Baranoa' , 08 ,08078 );
INSERT INTO ciudades ( ciudad_nombre , cod_depar , cod_ciudad ) VALUES ('Campo De La Cruz' , 08 ,08137 );
INSERT INTO ciudades ( ciudad_nombre , cod_depar , cod_ciudad ) VALUES ('Candelaria' , 08 ,08141 );
INSERT INTO ciudades ( ciudad_nombre , cod_depar , cod_ciudad ) VALUES ('Galapa' , 08 ,08296 );
INSERT INTO ciudades ( ciudad_nombre , cod_depar , cod_ciudad ) VALUES ('Juan De Acosta' , 08 ,08372 );
INSERT INTO ciudades ( ciudad_nombre , cod_depar , cod_ciudad ) VALUES ('Luruaco' , 08 ,08421 );
INSERT INTO ciudades ( ciudad_nombre , cod_depar , cod_ciudad ) VALUES ('Malambo' , 08 ,08433 );
INSERT INTO ciudades ( ciudad_nombre , cod_depar , cod_ciudad ) VALUES ('Manatí' , 08 ,08436 );
INSERT INTO ciudades ( ciudad_nombre , cod_depar , cod_ciudad ) VALUES ('Palmar De Varela' , 08 ,08520 );
INSERT INTO ciudades ( ciudad_nombre , cod_depar , cod_ciudad ) VALUES ('Piojo' , 08 ,08549 );
INSERT INTO ciudades ( ciudad_nombre , cod_depar , cod_ciudad ) VALUES ('Polonuevo' , 08 ,08558 );
INSERT INTO ciudades ( ciudad_nombre , cod_depar , cod_ciudad ) VALUES ('Ponedera' , 08 ,08560 );
INSERT INTO ciudades ( ciudad_nombre , cod_depar , cod_ciudad ) VALUES ('Puerto Colombia' , 08 ,08573 );
INSERT INTO ciudades ( ciudad_nombre , cod_depar , cod_ciudad ) VALUES ('Repelón' , 08 ,08606 );
INSERT INTO ciudades ( ciudad_nombre , cod_depar , cod_ciudad ) VALUES ('Sabanagrande' , 08 ,08634 );
INSERT INTO ciudades ( ciudad_nombre , cod_depar , cod_ciudad ) VALUES ('Sabanalarga' , 08 ,08638 );
INSERT INTO ciudades ( ciudad_nombre , cod_depar , cod_ciudad ) VALUES ('Santa Lucia' , 08 ,08675 );
INSERT INTO ciudades ( ciudad_nombre , cod_depar , cod_ciudad ) VALUES ('Santo Tomas' , 08 ,08685 );
INSERT INTO ciudades ( ciudad_nombre , cod_depar , cod_ciudad ) VALUES ('Soledad' , 08 ,08758 );
INSERT INTO ciudades ( ciudad_nombre , cod_depar , cod_ciudad ) VALUES ('Suán' , 08 ,08770 );
INSERT INTO ciudades ( ciudad_nombre , cod_depar , cod_ciudad ) VALUES ('Tubará' , 08 ,08832 );
INSERT INTO ciudades ( ciudad_nombre , cod_depar , cod_ciudad ) VALUES ('Usiacurí' , 08 ,08849 );
INSERT INTO ciudades ( ciudad_nombre , cod_depar , cod_ciudad ) VALUES ('Bogotá' , 11 ,11001 );
INSERT INTO ciudades ( ciudad_nombre , cod_depar , cod_ciudad ) VALUES ('Cartagena' , 13 ,13001 );
INSERT INTO ciudades ( ciudad_nombre , cod_depar , cod_ciudad ) VALUES ('Achí' , 13 ,13006 );
INSERT INTO ciudades ( ciudad_nombre , cod_depar , cod_ciudad ) VALUES ('Altos Del Rosario' , 13 ,13030 );
INSERT INTO ciudades ( ciudad_nombre , cod_depar , cod_ciudad ) VALUES ('Arenal' , 13 ,13042 );
INSERT INTO ciudades ( ciudad_nombre , cod_depar , cod_ciudad ) VALUES ('Arjona' , 13 ,13052 );
INSERT INTO ciudades ( ciudad_nombre , cod_depar , cod_ciudad ) VALUES ('Arroyohondo' , 13 ,13062 );
INSERT INTO ciudades ( ciudad_nombre , cod_depar , cod_ciudad ) VALUES ('Barranco De Loba' , 13 ,13074 );
INSERT INTO ciudades ( ciudad_nombre , cod_depar , cod_ciudad ) VALUES ('Calamar' , 13 ,13140 );
INSERT INTO ciudades ( ciudad_nombre , cod_depar , cod_ciudad ) VALUES ('Cantagallo' , 13 ,13160 );
INSERT INTO ciudades ( ciudad_nombre , cod_depar , cod_ciudad ) VALUES ('Cicuco' , 13 ,13188 );
INSERT INTO ciudades ( ciudad_nombre , cod_depar , cod_ciudad ) VALUES ('Córdoba' , 13 ,13212 );
INSERT INTO ciudades ( ciudad_nombre , cod_depar , cod_ciudad ) VALUES ('Clemencia' , 13 ,13222 );
INSERT INTO ciudades ( ciudad_nombre , cod_depar , cod_ciudad ) VALUES ('El Carmen De Bolívar' , 13 ,13244 );
INSERT INTO ciudades ( ciudad_nombre , cod_depar , cod_ciudad ) VALUES ('El Guamo' , 13 ,13248 );
INSERT INTO ciudades ( ciudad_nombre , cod_depar , cod_ciudad ) VALUES ('El Peñón' , 13 ,13268 );
INSERT INTO ciudades ( ciudad_nombre , cod_depar , cod_ciudad ) VALUES ('Hatillo De Loba' , 13 ,13300 );
INSERT INTO ciudades ( ciudad_nombre , cod_depar , cod_ciudad ) VALUES ('Magangué' , 13 ,13430 );
INSERT INTO ciudades ( ciudad_nombre , cod_depar , cod_ciudad ) VALUES ('Mahates' , 13 ,13433 );
INSERT INTO ciudades ( ciudad_nombre , cod_depar , cod_ciudad ) VALUES ('Margarita' , 13 ,13440 );
INSERT INTO ciudades ( ciudad_nombre , cod_depar , cod_ciudad ) VALUES ('María La Baja' , 13 ,13442 );
INSERT INTO ciudades ( ciudad_nombre , cod_depar , cod_ciudad ) VALUES ('Montecristo' , 13 ,13458 );
INSERT INTO ciudades ( ciudad_nombre , cod_depar , cod_ciudad ) VALUES ('Mompox' , 13 ,13468 );
INSERT INTO ciudades ( ciudad_nombre , cod_depar , cod_ciudad ) VALUES ('Morales' , 13 ,13473 );
INSERT INTO ciudades ( ciudad_nombre , cod_depar , cod_ciudad ) VALUES ('Pinillos' , 13 ,13549 );
INSERT INTO ciudades ( ciudad_nombre , cod_depar , cod_ciudad ) VALUES ('Regidor' , 13 ,13580 );
INSERT INTO ciudades ( ciudad_nombre , cod_depar , cod_ciudad ) VALUES ('Rio Viejo' , 13 ,13600 );
INSERT INTO ciudades ( ciudad_nombre , cod_depar , cod_ciudad ) VALUES ('San Cristóbal' , 13 ,13620 );
INSERT INTO ciudades ( ciudad_nombre , cod_depar , cod_ciudad ) VALUES ('San Estanislao' , 13 ,13647 );
INSERT INTO ciudades ( ciudad_nombre , cod_depar , cod_ciudad ) VALUES ('San Fernando' , 13 ,13650 );
INSERT INTO ciudades ( ciudad_nombre , cod_depar , cod_ciudad ) VALUES ('San Jacinto' , 13 ,13654 );
INSERT INTO ciudades ( ciudad_nombre , cod_depar , cod_ciudad ) VALUES ('San Jacinto Del Cauca' , 13 ,13655 );
INSERT INTO ciudades ( ciudad_nombre , cod_depar , cod_ciudad ) VALUES ('San Juan Nepomuceno' , 13 ,13657 );
INSERT INTO ciudades ( ciudad_nombre , cod_depar , cod_ciudad ) VALUES ('San Martín De Loba' , 13 ,13667 );
INSERT INTO ciudades ( ciudad_nombre , cod_depar , cod_ciudad ) VALUES ('San Pablo' , 13 ,13670 );
INSERT INTO ciudades ( ciudad_nombre , cod_depar , cod_ciudad ) VALUES ('Santa Catalina' , 13 ,13673 );
INSERT INTO ciudades ( ciudad_nombre , cod_depar , cod_ciudad ) VALUES ('Santa Rosa' , 13 ,13683 );
INSERT INTO ciudades ( ciudad_nombre , cod_depar , cod_ciudad ) VALUES ('Santa Rosa Del Sur' , 13 ,13688 );
INSERT INTO ciudades ( ciudad_nombre , cod_depar , cod_ciudad ) VALUES ('Simití' , 13 ,13744 );
INSERT INTO ciudades ( ciudad_nombre , cod_depar , cod_ciudad ) VALUES ('Soplaviento' , 13 ,13760 );
INSERT INTO ciudades ( ciudad_nombre , cod_depar , cod_ciudad ) VALUES ('Talaigua Nuevo' , 13 ,13780 );
INSERT INTO ciudades ( ciudad_nombre , cod_depar , cod_ciudad ) VALUES ('Tiquisio' , 13 ,13810 );
INSERT INTO ciudades ( ciudad_nombre , cod_depar , cod_ciudad ) VALUES ('Turbaco' , 13 ,13836 );
INSERT INTO ciudades ( ciudad_nombre , cod_depar , cod_ciudad ) VALUES ('Turbaná' , 13 ,13838 );
INSERT INTO ciudades ( ciudad_nombre , cod_depar , cod_ciudad ) VALUES ('Villanueva' , 13 ,13873 );
INSERT INTO ciudades ( ciudad_nombre , cod_depar , cod_ciudad ) VALUES ('Zambrano' , 13 ,13894 );
INSERT INTO ciudades ( ciudad_nombre , cod_depar , cod_ciudad ) VALUES ('Tunja' , 15 ,15001 );
INSERT INTO ciudades ( ciudad_nombre , cod_depar , cod_ciudad ) VALUES ('Almeida' , 15 ,15022 );
INSERT INTO ciudades ( ciudad_nombre , cod_depar , cod_ciudad ) VALUES ('Aquitania' , 15 ,15047 );
INSERT INTO ciudades ( ciudad_nombre , cod_depar , cod_ciudad ) VALUES ('Arcabuco' , 15 ,15051 );
INSERT INTO ciudades ( ciudad_nombre , cod_depar , cod_ciudad ) VALUES ('Belén' , 15 ,15087 );
INSERT INTO ciudades ( ciudad_nombre , cod_depar , cod_ciudad ) VALUES ('Berbeo' , 15 ,15090 );
INSERT INTO ciudades ( ciudad_nombre , cod_depar , cod_ciudad ) VALUES ('Betéitiva' , 15 ,15092 );
INSERT INTO ciudades ( ciudad_nombre , cod_depar , cod_ciudad ) VALUES ('Boavita' , 15 ,15097 );
INSERT INTO ciudades ( ciudad_nombre , cod_depar , cod_ciudad ) VALUES ('Boyacá' , 15 ,15104 );
INSERT INTO ciudades ( ciudad_nombre , cod_depar , cod_ciudad ) VALUES ('Briceño' , 15 ,15106 );
INSERT INTO ciudades ( ciudad_nombre , cod_depar , cod_ciudad ) VALUES ('Buenavista' , 15 ,15109 );
INSERT INTO ciudades ( ciudad_nombre , cod_depar , cod_ciudad ) VALUES ('Busbanzá' , 15 ,15114 );
INSERT INTO ciudades ( ciudad_nombre , cod_depar , cod_ciudad ) VALUES ('Caldas' , 15 ,15131 );
INSERT INTO ciudades ( ciudad_nombre , cod_depar , cod_ciudad ) VALUES ('Campohermoso' , 15 ,15135 );
INSERT INTO ciudades ( ciudad_nombre , cod_depar , cod_ciudad ) VALUES ('Cerinza' , 15 ,15162 );
INSERT INTO ciudades ( ciudad_nombre , cod_depar , cod_ciudad ) VALUES ('Chinavita' , 15 ,15172 );
INSERT INTO ciudades ( ciudad_nombre , cod_depar , cod_ciudad ) VALUES ('Chiquinquirá' , 15 ,15176 );
INSERT INTO ciudades ( ciudad_nombre , cod_depar , cod_ciudad ) VALUES ('Chiscas' , 15 ,15180 );
INSERT INTO ciudades ( ciudad_nombre , cod_depar , cod_ciudad ) VALUES ('Chita' , 15 ,15183 );
INSERT INTO ciudades ( ciudad_nombre , cod_depar , cod_ciudad ) VALUES ('Chitaraque' , 15 ,15185 );
INSERT INTO ciudades ( ciudad_nombre , cod_depar , cod_ciudad ) VALUES ('Chivata' , 15 ,15187 );
INSERT INTO ciudades ( ciudad_nombre , cod_depar , cod_ciudad ) VALUES ('Ciénega' , 15 ,15189 );
INSERT INTO ciudades ( ciudad_nombre , cod_depar , cod_ciudad ) VALUES ('Cómbita' , 15 ,15204 );
INSERT INTO ciudades ( ciudad_nombre , cod_depar , cod_ciudad ) VALUES ('Coper' , 15 ,15212 );
INSERT INTO ciudades ( ciudad_nombre , cod_depar , cod_ciudad ) VALUES ('Corrales' , 15 ,15215 );
INSERT INTO ciudades ( ciudad_nombre , cod_depar , cod_ciudad ) VALUES ('Covarachía' , 15 ,15218 );
INSERT INTO ciudades ( ciudad_nombre , cod_depar , cod_ciudad ) VALUES ('Cubará' , 15 ,15223 );
INSERT INTO ciudades ( ciudad_nombre , cod_depar , cod_ciudad ) VALUES ('Cucaita' , 15 ,15224 );
INSERT INTO ciudades ( ciudad_nombre , cod_depar , cod_ciudad ) VALUES ('Cuitiva' , 15 ,15226 );
INSERT INTO ciudades ( ciudad_nombre , cod_depar , cod_ciudad ) VALUES ('Chíquiza' , 15 ,15232 );
INSERT INTO ciudades ( ciudad_nombre , cod_depar , cod_ciudad ) VALUES ('Chivor' , 15 ,15236 );
INSERT INTO ciudades ( ciudad_nombre , cod_depar , cod_ciudad ) VALUES ('Duitama' , 15 ,15238 );
INSERT INTO ciudades ( ciudad_nombre , cod_depar , cod_ciudad ) VALUES ('El Cocuy' , 15 ,15244 );
INSERT INTO ciudades ( ciudad_nombre , cod_depar , cod_ciudad ) VALUES ('El Espino' , 15 ,15248 );
INSERT INTO ciudades ( ciudad_nombre , cod_depar , cod_ciudad ) VALUES ('Firavitoba' , 15 ,15272 );
INSERT INTO ciudades ( ciudad_nombre , cod_depar , cod_ciudad ) VALUES ('Floresta' , 15 ,15276 );
INSERT INTO ciudades ( ciudad_nombre , cod_depar , cod_ciudad ) VALUES ('Gachantivá' , 15 ,15293 );
INSERT INTO ciudades ( ciudad_nombre , cod_depar , cod_ciudad ) VALUES ('Gámeza' , 15 ,15296 );
INSERT INTO ciudades ( ciudad_nombre , cod_depar , cod_ciudad ) VALUES ('Garagoa' , 15 ,15299 );
INSERT INTO ciudades ( ciudad_nombre , cod_depar , cod_ciudad ) VALUES ('Guacamayas' , 15 ,15317 );
INSERT INTO ciudades ( ciudad_nombre , cod_depar , cod_ciudad ) VALUES ('Guateque' , 15 ,15322 );
INSERT INTO ciudades ( ciudad_nombre , cod_depar , cod_ciudad ) VALUES ('Guayatá' , 15 ,15325 );
INSERT INTO ciudades ( ciudad_nombre , cod_depar , cod_ciudad ) VALUES ('Güicán' , 15 ,15332 );
INSERT INTO ciudades ( ciudad_nombre , cod_depar , cod_ciudad ) VALUES ('Iza' , 15 ,15362 );
INSERT INTO ciudades ( ciudad_nombre , cod_depar , cod_ciudad ) VALUES ('Jenesano' , 15 ,15367 );
INSERT INTO ciudades ( ciudad_nombre , cod_depar , cod_ciudad ) VALUES ('Jericó' , 15 ,15368 );
INSERT INTO ciudades ( ciudad_nombre , cod_depar , cod_ciudad ) VALUES ('Labranzagrande' , 15 ,15377 );
INSERT INTO ciudades ( ciudad_nombre , cod_depar , cod_ciudad ) VALUES ('La Capilla' , 15 ,15380 );
INSERT INTO ciudades ( ciudad_nombre , cod_depar , cod_ciudad ) VALUES ('La Victoria' , 15 ,15401 );
INSERT INTO ciudades ( ciudad_nombre , cod_depar , cod_ciudad ) VALUES ('La Uvita' , 15 ,15403 );
INSERT INTO ciudades ( ciudad_nombre , cod_depar , cod_ciudad ) VALUES ('Villa De Leyva' , 15 ,15407 );
INSERT INTO ciudades ( ciudad_nombre , cod_depar , cod_ciudad ) VALUES ('Macanal' , 15 ,15425 );
INSERT INTO ciudades ( ciudad_nombre , cod_depar , cod_ciudad ) VALUES ('Maripí' , 15 ,15442 );
INSERT INTO ciudades ( ciudad_nombre , cod_depar , cod_ciudad ) VALUES ('Miraflores' , 15 ,15455 );
INSERT INTO ciudades ( ciudad_nombre , cod_depar , cod_ciudad ) VALUES ('Mongua' , 15 ,15464 );
INSERT INTO ciudades ( ciudad_nombre , cod_depar , cod_ciudad ) VALUES ('Monguí' , 15 ,15466 );
INSERT INTO ciudades ( ciudad_nombre , cod_depar , cod_ciudad ) VALUES ('Moniquirá' , 15 ,15469 );
INSERT INTO ciudades ( ciudad_nombre , cod_depar , cod_ciudad ) VALUES ('Motavita' , 15 ,15476 );
INSERT INTO ciudades ( ciudad_nombre , cod_depar , cod_ciudad ) VALUES ('Muzo' , 15 ,15480 );
INSERT INTO ciudades ( ciudad_nombre , cod_depar , cod_ciudad ) VALUES ('Nobsa' , 15 ,15491 );
INSERT INTO ciudades ( ciudad_nombre , cod_depar , cod_ciudad ) VALUES ('Nuevo Colon' , 15 ,15494 );
INSERT INTO ciudades ( ciudad_nombre , cod_depar , cod_ciudad ) VALUES ('Oicatá' , 15 ,15500 );
INSERT INTO ciudades ( ciudad_nombre , cod_depar , cod_ciudad ) VALUES ('Otanche' , 15 ,15507 );
INSERT INTO ciudades ( ciudad_nombre , cod_depar , cod_ciudad ) VALUES ('Pachavita' , 15 ,15511 );
INSERT INTO ciudades ( ciudad_nombre , cod_depar , cod_ciudad ) VALUES ('Páez' , 15 ,15514 );
INSERT INTO ciudades ( ciudad_nombre , cod_depar , cod_ciudad ) VALUES ('Paipa' , 15 ,15516 );
INSERT INTO ciudades ( ciudad_nombre , cod_depar , cod_ciudad ) VALUES ('Pajarito' , 15 ,15518 );
INSERT INTO ciudades ( ciudad_nombre , cod_depar , cod_ciudad ) VALUES ('Panqueba' , 15 ,15522 );
INSERT INTO ciudades ( ciudad_nombre , cod_depar , cod_ciudad ) VALUES ('Pauna' , 15 ,15531 );
INSERT INTO ciudades ( ciudad_nombre , cod_depar , cod_ciudad ) VALUES ('Paya' , 15 ,15533 );
INSERT INTO ciudades ( ciudad_nombre , cod_depar , cod_ciudad ) VALUES ('Paz De Rio' , 15 ,15537 );
INSERT INTO ciudades ( ciudad_nombre , cod_depar , cod_ciudad ) VALUES ('Pesca' , 15 ,15542 );
INSERT INTO ciudades ( ciudad_nombre , cod_depar , cod_ciudad ) VALUES ('Pisba' , 15 ,15550 );
INSERT INTO ciudades ( ciudad_nombre , cod_depar , cod_ciudad ) VALUES ('Puerto Boyacá' , 15 ,15572 );
INSERT INTO ciudades ( ciudad_nombre , cod_depar , cod_ciudad ) VALUES ('Quípama' , 15 ,15580 );
INSERT INTO ciudades ( ciudad_nombre , cod_depar , cod_ciudad ) VALUES ('Ramiriquí' , 15 ,15599 );
INSERT INTO ciudades ( ciudad_nombre , cod_depar , cod_ciudad ) VALUES ('Ráquira' , 15 ,15600 );
INSERT INTO ciudades ( ciudad_nombre , cod_depar , cod_ciudad ) VALUES ('Rondón' , 15 ,15621 );
INSERT INTO ciudades ( ciudad_nombre , cod_depar , cod_ciudad ) VALUES ('Saboyá' , 15 ,15632 );
INSERT INTO ciudades ( ciudad_nombre , cod_depar , cod_ciudad ) VALUES ('Sáchica' , 15 ,15638 );
INSERT INTO ciudades ( ciudad_nombre , cod_depar , cod_ciudad ) VALUES ('Samacá' , 15 ,15646 );
INSERT INTO ciudades ( ciudad_nombre , cod_depar , cod_ciudad ) VALUES ('San Eduardo' , 15 ,15660 );
INSERT INTO ciudades ( ciudad_nombre , cod_depar , cod_ciudad ) VALUES ('San José De Pare' , 15 ,15664 );
INSERT INTO ciudades ( ciudad_nombre , cod_depar , cod_ciudad ) VALUES ('San Luis De Gaceno' , 15 ,15667 );
INSERT INTO ciudades ( ciudad_nombre , cod_depar , cod_ciudad ) VALUES ('San Mateo' , 15 ,15673 );
INSERT INTO ciudades ( ciudad_nombre , cod_depar , cod_ciudad ) VALUES ('San Miguel De Sema' , 15 ,15676 );
INSERT INTO ciudades ( ciudad_nombre , cod_depar , cod_ciudad ) VALUES ('San Pablo De Borbur' , 15 ,15681 );
INSERT INTO ciudades ( ciudad_nombre , cod_depar , cod_ciudad ) VALUES ('Santana' , 15 ,15686 );
INSERT INTO ciudades ( ciudad_nombre , cod_depar , cod_ciudad ) VALUES ('Santa María' , 15 ,15690 );
INSERT INTO ciudades ( ciudad_nombre , cod_depar , cod_ciudad ) VALUES ('Santa Rosa De Viterbo' , 15 ,15693 );
INSERT INTO ciudades ( ciudad_nombre , cod_depar , cod_ciudad ) VALUES ('Santa Sofía' , 15 ,15696 );
INSERT INTO ciudades ( ciudad_nombre , cod_depar , cod_ciudad ) VALUES ('Sativanorte' , 15 ,15720 );
INSERT INTO ciudades ( ciudad_nombre , cod_depar , cod_ciudad ) VALUES ('Sativasur' , 15 ,15723 );
INSERT INTO ciudades ( ciudad_nombre , cod_depar , cod_ciudad ) VALUES ('Siachoque' , 15 ,15740 );
INSERT INTO ciudades ( ciudad_nombre , cod_depar , cod_ciudad ) VALUES ('Soatá' , 15 ,15753 );
INSERT INTO ciudades ( ciudad_nombre , cod_depar , cod_ciudad ) VALUES ('Socotá' , 15 ,15755 );
INSERT INTO ciudades ( ciudad_nombre , cod_depar , cod_ciudad ) VALUES ('Socha' , 15 ,15757 );
INSERT INTO ciudades ( ciudad_nombre , cod_depar , cod_ciudad ) VALUES ('Sogamoso' , 15 ,15759 );
INSERT INTO ciudades ( ciudad_nombre , cod_depar , cod_ciudad ) VALUES ('Somondoco' , 15 ,15761 );
INSERT INTO ciudades ( ciudad_nombre , cod_depar , cod_ciudad ) VALUES ('Sora' , 15 ,15762 );
INSERT INTO ciudades ( ciudad_nombre , cod_depar , cod_ciudad ) VALUES ('Sotaquirá' , 15 ,15763 );
INSERT INTO ciudades ( ciudad_nombre , cod_depar , cod_ciudad ) VALUES ('Soracá' , 15 ,15764 );
INSERT INTO ciudades ( ciudad_nombre , cod_depar , cod_ciudad ) VALUES ('Susacón' , 15 ,15774 );
INSERT INTO ciudades ( ciudad_nombre , cod_depar , cod_ciudad ) VALUES ('Sutamarchán' , 15 ,15776 );
INSERT INTO ciudades ( ciudad_nombre , cod_depar , cod_ciudad ) VALUES ('Sutatenza' , 15 ,15778 );
INSERT INTO ciudades ( ciudad_nombre , cod_depar , cod_ciudad ) VALUES ('Tasco' , 15 ,15790 );
INSERT INTO ciudades ( ciudad_nombre , cod_depar , cod_ciudad ) VALUES ('Tenza' , 15 ,15798 );
INSERT INTO ciudades ( ciudad_nombre , cod_depar , cod_ciudad ) VALUES ('Tibaná' , 15 ,15804 );
INSERT INTO ciudades ( ciudad_nombre , cod_depar , cod_ciudad ) VALUES ('Tibasosa' , 15 ,15806 );
INSERT INTO ciudades ( ciudad_nombre , cod_depar , cod_ciudad ) VALUES ('Tinjacá' , 15 ,15808 );
INSERT INTO ciudades ( ciudad_nombre , cod_depar , cod_ciudad ) VALUES ('Tipacoque' , 15 ,15810 );
INSERT INTO ciudades ( ciudad_nombre , cod_depar , cod_ciudad ) VALUES ('Toca' , 15 ,15814 );
INSERT INTO ciudades ( ciudad_nombre , cod_depar , cod_ciudad ) VALUES ('Togüí' , 15 ,15816 );
INSERT INTO ciudades ( ciudad_nombre , cod_depar , cod_ciudad ) VALUES ('Tópaga' , 15 ,15820 );
INSERT INTO ciudades ( ciudad_nombre , cod_depar , cod_ciudad ) VALUES ('Tota' , 15 ,15822 );
INSERT INTO ciudades ( ciudad_nombre , cod_depar , cod_ciudad ) VALUES ('Tununguá' , 15 ,15832 );
INSERT INTO ciudades ( ciudad_nombre , cod_depar , cod_ciudad ) VALUES ('Turmequé' , 15 ,15835 );
INSERT INTO ciudades ( ciudad_nombre , cod_depar , cod_ciudad ) VALUES ('Tuta' , 15 ,15837 );
INSERT INTO ciudades ( ciudad_nombre , cod_depar , cod_ciudad ) VALUES ('Tutazá' , 15 ,15839 );
INSERT INTO ciudades ( ciudad_nombre , cod_depar , cod_ciudad ) VALUES ('Umbita' , 15 ,15842 );
INSERT INTO ciudades ( ciudad_nombre , cod_depar , cod_ciudad ) VALUES ('Ventaquemada' , 15 ,15861 );
INSERT INTO ciudades ( ciudad_nombre , cod_depar , cod_ciudad ) VALUES ('Viracachá' , 15 ,15879 );
INSERT INTO ciudades ( ciudad_nombre , cod_depar , cod_ciudad ) VALUES ('Zetaquira' , 15 ,15897 );
INSERT INTO ciudades ( ciudad_nombre , cod_depar , cod_ciudad ) VALUES ('Manizales' , 17 ,17001 );
INSERT INTO ciudades ( ciudad_nombre , cod_depar , cod_ciudad ) VALUES ('Aguadas' , 17 ,17013 );
INSERT INTO ciudades ( ciudad_nombre , cod_depar , cod_ciudad ) VALUES ('Anserma' , 17 ,17042 );
INSERT INTO ciudades ( ciudad_nombre , cod_depar , cod_ciudad ) VALUES ('Aranzazu' , 17 ,17050 );
INSERT INTO ciudades ( ciudad_nombre , cod_depar , cod_ciudad ) VALUES ('Belalcázar' , 17 ,17088 );
INSERT INTO ciudades ( ciudad_nombre , cod_depar , cod_ciudad ) VALUES ('Chinchiná' , 17 ,17174 );
INSERT INTO ciudades ( ciudad_nombre , cod_depar , cod_ciudad ) VALUES ('Filadelfia' , 17 ,17272 );
INSERT INTO ciudades ( ciudad_nombre , cod_depar , cod_ciudad ) VALUES ('La Dorada' , 17 ,17380 );
INSERT INTO ciudades ( ciudad_nombre , cod_depar , cod_ciudad ) VALUES ('La Merced' , 17 ,17388 );
INSERT INTO ciudades ( ciudad_nombre , cod_depar , cod_ciudad ) VALUES ('Manzanares' , 17 ,17433 );
INSERT INTO ciudades ( ciudad_nombre , cod_depar , cod_ciudad ) VALUES ('Marmato' , 17 ,17442 );
INSERT INTO ciudades ( ciudad_nombre , cod_depar , cod_ciudad ) VALUES ('Marquetalia' , 17 ,17444 );
INSERT INTO ciudades ( ciudad_nombre , cod_depar , cod_ciudad ) VALUES ('Marulanda' , 17 ,17446 );
INSERT INTO ciudades ( ciudad_nombre , cod_depar , cod_ciudad ) VALUES ('Neira' , 17 ,17486 );
INSERT INTO ciudades ( ciudad_nombre , cod_depar , cod_ciudad ) VALUES ('Norcasia' , 17 ,17495 );
INSERT INTO ciudades ( ciudad_nombre , cod_depar , cod_ciudad ) VALUES ('Pácora' , 17 ,17513 );
INSERT INTO ciudades ( ciudad_nombre , cod_depar , cod_ciudad ) VALUES ('Palestina' , 17 ,17524 );
INSERT INTO ciudades ( ciudad_nombre , cod_depar , cod_ciudad ) VALUES ('Pensilvania' , 17 ,17541 );
INSERT INTO ciudades ( ciudad_nombre , cod_depar , cod_ciudad ) VALUES ('Riosucio' , 17 ,17614 );
INSERT INTO ciudades ( ciudad_nombre , cod_depar , cod_ciudad ) VALUES ('Risaralda' , 17 ,17616 );
INSERT INTO ciudades ( ciudad_nombre , cod_depar , cod_ciudad ) VALUES ('Salamina' , 17 ,17653 );
INSERT INTO ciudades ( ciudad_nombre , cod_depar , cod_ciudad ) VALUES ('Samaná' , 17 ,17662 );
INSERT INTO ciudades ( ciudad_nombre , cod_depar , cod_ciudad ) VALUES ('San José' , 17 ,17665 );
INSERT INTO ciudades ( ciudad_nombre , cod_depar , cod_ciudad ) VALUES ('Supía' , 17 ,17777 );
INSERT INTO ciudades ( ciudad_nombre , cod_depar , cod_ciudad ) VALUES ('Victoria' , 17 ,17867 );
INSERT INTO ciudades ( ciudad_nombre , cod_depar , cod_ciudad ) VALUES ('Villamaría' , 17 ,17873 );
INSERT INTO ciudades ( ciudad_nombre , cod_depar , cod_ciudad ) VALUES ('Viterbo' , 17 ,17877 );
INSERT INTO ciudades ( ciudad_nombre , cod_depar , cod_ciudad ) VALUES ('Florencia' , 18 ,18001 );
INSERT INTO ciudades ( ciudad_nombre , cod_depar , cod_ciudad ) VALUES ('Albania' , 18 ,18029 );
INSERT INTO ciudades ( ciudad_nombre , cod_depar , cod_ciudad ) VALUES ('Belén De Los Andaquies' , 18 ,18094 );
INSERT INTO ciudades ( ciudad_nombre , cod_depar , cod_ciudad ) VALUES ('Cartagena Del Chaira' , 18 ,18150 );
INSERT INTO ciudades ( ciudad_nombre , cod_depar , cod_ciudad ) VALUES ('Curillo' , 18 ,18205 );
INSERT INTO ciudades ( ciudad_nombre , cod_depar , cod_ciudad ) VALUES ('El Doncello' , 18 ,18247 );
INSERT INTO ciudades ( ciudad_nombre , cod_depar , cod_ciudad ) VALUES ('El Paujil' , 18 ,18256 );
INSERT INTO ciudades ( ciudad_nombre , cod_depar , cod_ciudad ) VALUES ('La Montañita' , 18 ,18410 );
INSERT INTO ciudades ( ciudad_nombre , cod_depar , cod_ciudad ) VALUES ('Milán' , 18 ,18460 );
INSERT INTO ciudades ( ciudad_nombre , cod_depar , cod_ciudad ) VALUES ('Morelia' , 18 ,18479 );
INSERT INTO ciudades ( ciudad_nombre , cod_depar , cod_ciudad ) VALUES ('Puerto Rico' , 18 ,18592 );
INSERT INTO ciudades ( ciudad_nombre , cod_depar , cod_ciudad ) VALUES ('San José De La Fragua' , 18 ,18610 );
INSERT INTO ciudades ( ciudad_nombre , cod_depar , cod_ciudad ) VALUES ('San Vicente Del Caguán' , 18 ,18753 );
INSERT INTO ciudades ( ciudad_nombre , cod_depar , cod_ciudad ) VALUES ('Solano' , 18 ,18756 );
INSERT INTO ciudades ( ciudad_nombre , cod_depar , cod_ciudad ) VALUES ('Solita' , 18 ,18785 );
INSERT INTO ciudades ( ciudad_nombre , cod_depar , cod_ciudad ) VALUES ('Valparaíso' , 18 ,18860 );
INSERT INTO ciudades ( ciudad_nombre , cod_depar , cod_ciudad ) VALUES ('Popayán' , 19 ,19001 );
INSERT INTO ciudades ( ciudad_nombre , cod_depar , cod_ciudad ) VALUES ('Almaguer' , 19 ,19022 );
INSERT INTO ciudades ( ciudad_nombre , cod_depar , cod_ciudad ) VALUES ('Argelia' , 19 ,19050 );
INSERT INTO ciudades ( ciudad_nombre , cod_depar , cod_ciudad ) VALUES ('Balboa' , 19 ,19075 );
INSERT INTO ciudades ( ciudad_nombre , cod_depar , cod_ciudad ) VALUES ('Bolívar' , 19 ,19100 );
INSERT INTO ciudades ( ciudad_nombre , cod_depar , cod_ciudad ) VALUES ('Buenos Aires' , 19 ,19110 );
INSERT INTO ciudades ( ciudad_nombre , cod_depar , cod_ciudad ) VALUES ('Cajibío' , 19 ,19130 );
INSERT INTO ciudades ( ciudad_nombre , cod_depar , cod_ciudad ) VALUES ('Caldono' , 19 ,19137 );
INSERT INTO ciudades ( ciudad_nombre , cod_depar , cod_ciudad ) VALUES ('Caloto' , 19 ,19142 );
INSERT INTO ciudades ( ciudad_nombre , cod_depar , cod_ciudad ) VALUES ('Corinto' , 19 ,19212 );
INSERT INTO ciudades ( ciudad_nombre , cod_depar , cod_ciudad ) VALUES ('El Tambo' , 19 ,19256 );
INSERT INTO ciudades ( ciudad_nombre , cod_depar , cod_ciudad ) VALUES ('Florencia' , 19 ,19290 );
INSERT INTO ciudades ( ciudad_nombre , cod_depar , cod_ciudad ) VALUES ('Guapi' , 19 ,19318 );
INSERT INTO ciudades ( ciudad_nombre , cod_depar , cod_ciudad ) VALUES ('Inzá' , 19 ,19355 );
INSERT INTO ciudades ( ciudad_nombre , cod_depar , cod_ciudad ) VALUES ('Jambaló' , 19 ,19364 );
INSERT INTO ciudades ( ciudad_nombre , cod_depar , cod_ciudad ) VALUES ('La Sierra' , 19 ,19392 );
INSERT INTO ciudades ( ciudad_nombre , cod_depar , cod_ciudad ) VALUES ('La Vega' , 19 ,19397 );
INSERT INTO ciudades ( ciudad_nombre , cod_depar , cod_ciudad ) VALUES ('López' , 19 ,19418 );
INSERT INTO ciudades ( ciudad_nombre , cod_depar , cod_ciudad ) VALUES ('Mercaderes' , 19 ,19450 );
INSERT INTO ciudades ( ciudad_nombre , cod_depar , cod_ciudad ) VALUES ('Miranda' , 19 ,19455 );
INSERT INTO ciudades ( ciudad_nombre , cod_depar , cod_ciudad ) VALUES ('Morales' , 19 ,19473 );
INSERT INTO ciudades ( ciudad_nombre , cod_depar , cod_ciudad ) VALUES ('Padilla' , 19 ,19513 );
INSERT INTO ciudades ( ciudad_nombre , cod_depar , cod_ciudad ) VALUES ('Páez' , 19 ,19517 );
INSERT INTO ciudades ( ciudad_nombre , cod_depar , cod_ciudad ) VALUES ('Patía' , 19 ,19532 );
INSERT INTO ciudades ( ciudad_nombre , cod_depar , cod_ciudad ) VALUES ('Piamonte' , 19 ,19533 );
INSERT INTO ciudades ( ciudad_nombre , cod_depar , cod_ciudad ) VALUES ('Piendamó' , 19 ,19548 );
INSERT INTO ciudades ( ciudad_nombre , cod_depar , cod_ciudad ) VALUES ('Puerto Tejada' , 19 ,19573 );
INSERT INTO ciudades ( ciudad_nombre , cod_depar , cod_ciudad ) VALUES ('Puracé' , 19 ,19585 );
INSERT INTO ciudades ( ciudad_nombre , cod_depar , cod_ciudad ) VALUES ('Rosas' , 19 ,19622 );
INSERT INTO ciudades ( ciudad_nombre , cod_depar , cod_ciudad ) VALUES ('San Sebastián' , 19 ,19693 );
INSERT INTO ciudades ( ciudad_nombre , cod_depar , cod_ciudad ) VALUES ('Santander De Quilichao' , 19 ,19698 );
INSERT INTO ciudades ( ciudad_nombre , cod_depar , cod_ciudad ) VALUES ('Santa Rosa' , 19 ,19701 );
INSERT INTO ciudades ( ciudad_nombre , cod_depar , cod_ciudad ) VALUES ('Silvia' , 19 ,19743 );
INSERT INTO ciudades ( ciudad_nombre , cod_depar , cod_ciudad ) VALUES ('Sotara' , 19 ,19760 );
INSERT INTO ciudades ( ciudad_nombre , cod_depar , cod_ciudad ) VALUES ('Suárez' , 19 ,19780 );
INSERT INTO ciudades ( ciudad_nombre , cod_depar , cod_ciudad ) VALUES ('Sucre' , 19 ,19785 );
INSERT INTO ciudades ( ciudad_nombre , cod_depar , cod_ciudad ) VALUES ('Timbío' , 19 ,19807 );
INSERT INTO ciudades ( ciudad_nombre , cod_depar , cod_ciudad ) VALUES ('Timbiquí' , 19 ,19809 );
INSERT INTO ciudades ( ciudad_nombre , cod_depar , cod_ciudad ) VALUES ('Toribio' , 19 ,19821 );
INSERT INTO ciudades ( ciudad_nombre , cod_depar , cod_ciudad ) VALUES ('Totoró' , 19 ,19824 );
INSERT INTO ciudades ( ciudad_nombre , cod_depar , cod_ciudad ) VALUES ('Villa Rica' , 19 ,19845 );
INSERT INTO ciudades ( ciudad_nombre , cod_depar , cod_ciudad ) VALUES ('Valledupar' , 20 ,20001 );
INSERT INTO ciudades ( ciudad_nombre , cod_depar , cod_ciudad ) VALUES ('Aguachica' , 20 ,20011 );
INSERT INTO ciudades ( ciudad_nombre , cod_depar , cod_ciudad ) VALUES ('Agustín Codazzi' , 20 ,20013 );
INSERT INTO ciudades ( ciudad_nombre , cod_depar , cod_ciudad ) VALUES ('Astrea' , 20 ,20032 );
INSERT INTO ciudades ( ciudad_nombre , cod_depar , cod_ciudad ) VALUES ('Becerril' , 20 ,20045 );
INSERT INTO ciudades ( ciudad_nombre , cod_depar , cod_ciudad ) VALUES ('Bosconia' , 20 ,20060 );
INSERT INTO ciudades ( ciudad_nombre , cod_depar , cod_ciudad ) VALUES ('Chimichagua' , 20 ,20175 );
INSERT INTO ciudades ( ciudad_nombre , cod_depar , cod_ciudad ) VALUES ('Chiriguaná' , 20 ,20178 );
INSERT INTO ciudades ( ciudad_nombre , cod_depar , cod_ciudad ) VALUES ('Curumaní' , 20 ,20228 );
INSERT INTO ciudades ( ciudad_nombre , cod_depar , cod_ciudad ) VALUES ('El Copey' , 20 ,20238 );
INSERT INTO ciudades ( ciudad_nombre , cod_depar , cod_ciudad ) VALUES ('El Paso' , 20 ,20250 );
INSERT INTO ciudades ( ciudad_nombre , cod_depar , cod_ciudad ) VALUES ('Gamarra' , 20 ,20295 );
INSERT INTO ciudades ( ciudad_nombre , cod_depar , cod_ciudad ) VALUES ('González' , 20 ,20310 );
INSERT INTO ciudades ( ciudad_nombre , cod_depar , cod_ciudad ) VALUES ('La Gloria' , 20 ,20383 );
INSERT INTO ciudades ( ciudad_nombre , cod_depar , cod_ciudad ) VALUES ('La Jagua De Ibirico' , 20 ,20400 );
INSERT INTO ciudades ( ciudad_nombre , cod_depar , cod_ciudad ) VALUES ('Manaure' , 20 ,20443 );
INSERT INTO ciudades ( ciudad_nombre , cod_depar , cod_ciudad ) VALUES ('Pailitas' , 20 ,20517 );
INSERT INTO ciudades ( ciudad_nombre , cod_depar , cod_ciudad ) VALUES ('Pelaya' , 20 ,20550 );
INSERT INTO ciudades ( ciudad_nombre , cod_depar , cod_ciudad ) VALUES ('Pueblo Bello' , 20 ,20570 );
INSERT INTO ciudades ( ciudad_nombre , cod_depar , cod_ciudad ) VALUES ('Rio De Oro' , 20 ,20614 );
INSERT INTO ciudades ( ciudad_nombre , cod_depar , cod_ciudad ) VALUES ('La Paz' , 20 ,20621 );
INSERT INTO ciudades ( ciudad_nombre , cod_depar , cod_ciudad ) VALUES ('San Alberto' , 20 ,20710 );
INSERT INTO ciudades ( ciudad_nombre , cod_depar , cod_ciudad ) VALUES ('San Diego' , 20 ,20750 );
INSERT INTO ciudades ( ciudad_nombre , cod_depar , cod_ciudad ) VALUES ('San Martín' , 20 ,20770 );
INSERT INTO ciudades ( ciudad_nombre , cod_depar , cod_ciudad ) VALUES ('Tamalameque' , 20 ,20787 );
INSERT INTO ciudades ( ciudad_nombre , cod_depar , cod_ciudad ) VALUES ('Montería' , 23 ,23001 );
INSERT INTO ciudades ( ciudad_nombre , cod_depar , cod_ciudad ) VALUES ('Ayapel' , 23 ,23068 );
INSERT INTO ciudades ( ciudad_nombre , cod_depar , cod_ciudad ) VALUES ('Buenavista' , 23 ,23079 );
INSERT INTO ciudades ( ciudad_nombre , cod_depar , cod_ciudad ) VALUES ('Canalete' , 23 ,23090 );
INSERT INTO ciudades ( ciudad_nombre , cod_depar , cod_ciudad ) VALUES ('Cereté' , 23 ,23162 );
INSERT INTO ciudades ( ciudad_nombre , cod_depar , cod_ciudad ) VALUES ('Chima' , 23 ,23168 );
INSERT INTO ciudades ( ciudad_nombre , cod_depar , cod_ciudad ) VALUES ('Chinú' , 23 ,23182 );
INSERT INTO ciudades ( ciudad_nombre , cod_depar , cod_ciudad ) VALUES ('Ciénaga De Oro' , 23 ,23189 );
INSERT INTO ciudades ( ciudad_nombre , cod_depar , cod_ciudad ) VALUES ('Cotorra' , 23 ,23300 );
INSERT INTO ciudades ( ciudad_nombre , cod_depar , cod_ciudad ) VALUES ('La Apartada' , 23 ,23350 );
INSERT INTO ciudades ( ciudad_nombre , cod_depar , cod_ciudad ) VALUES ('Lorica' , 23 ,23417 );
INSERT INTO ciudades ( ciudad_nombre , cod_depar , cod_ciudad ) VALUES ('Los Córdobas' , 23 ,23419 );
INSERT INTO ciudades ( ciudad_nombre , cod_depar , cod_ciudad ) VALUES ('Momil' , 23 ,23464 );
INSERT INTO ciudades ( ciudad_nombre , cod_depar , cod_ciudad ) VALUES ('Montelíbano' , 23 ,23466 );
INSERT INTO ciudades ( ciudad_nombre , cod_depar , cod_ciudad ) VALUES ('Moñitos' , 23 ,23500 );
INSERT INTO ciudades ( ciudad_nombre , cod_depar , cod_ciudad ) VALUES ('Planeta Rica' , 23 ,23555 );
INSERT INTO ciudades ( ciudad_nombre , cod_depar , cod_ciudad ) VALUES ('Pueblo Nuevo' , 23 ,23570 );
INSERT INTO ciudades ( ciudad_nombre , cod_depar , cod_ciudad ) VALUES ('Puerto Escondido' , 23 ,23574 );
INSERT INTO ciudades ( ciudad_nombre , cod_depar , cod_ciudad ) VALUES ('Puerto Libertador' , 23 ,23580 );
INSERT INTO ciudades ( ciudad_nombre , cod_depar , cod_ciudad ) VALUES ('Purísima' , 23 ,23586 );
INSERT INTO ciudades ( ciudad_nombre , cod_depar , cod_ciudad ) VALUES ('Sahagún' , 23 ,23660 );
INSERT INTO ciudades ( ciudad_nombre , cod_depar , cod_ciudad ) VALUES ('San Andrés De Sotavento' , 23 ,23670 );
INSERT INTO ciudades ( ciudad_nombre , cod_depar , cod_ciudad ) VALUES ('San Antero' , 23 ,23672 );
INSERT INTO ciudades ( ciudad_nombre , cod_depar , cod_ciudad ) VALUES ('San Bernardo Del Viento' , 23 ,23675 );
INSERT INTO ciudades ( ciudad_nombre , cod_depar , cod_ciudad ) VALUES ('San Carlos' , 23 ,23678 );
INSERT INTO ciudades ( ciudad_nombre , cod_depar , cod_ciudad ) VALUES ('San Pelayo' , 23 ,23686 );
INSERT INTO ciudades ( ciudad_nombre , cod_depar , cod_ciudad ) VALUES ('Tierralta' , 23 ,23807 );
INSERT INTO ciudades ( ciudad_nombre , cod_depar , cod_ciudad ) VALUES ('Valencia' , 23 ,23855 );
INSERT INTO ciudades ( ciudad_nombre , cod_depar , cod_ciudad ) VALUES ('Agua De Dios' , 25 ,25001 );
INSERT INTO ciudades ( ciudad_nombre , cod_depar , cod_ciudad ) VALUES ('Albán' , 25 ,25019 );
INSERT INTO ciudades ( ciudad_nombre , cod_depar , cod_ciudad ) VALUES ('Anapoima' , 25 ,25035 );
INSERT INTO ciudades ( ciudad_nombre , cod_depar , cod_ciudad ) VALUES ('Anolaima' , 25 ,25040 );
INSERT INTO ciudades ( ciudad_nombre , cod_depar , cod_ciudad ) VALUES ('Arbeláez' , 25 ,25053 );
INSERT INTO ciudades ( ciudad_nombre , cod_depar , cod_ciudad ) VALUES ('Beltrán' , 25 ,25086 );
INSERT INTO ciudades ( ciudad_nombre , cod_depar , cod_ciudad ) VALUES ('Bituima' , 25 ,25095 );
INSERT INTO ciudades ( ciudad_nombre , cod_depar , cod_ciudad ) VALUES ('Bojacá' , 25 ,25099 );
INSERT INTO ciudades ( ciudad_nombre , cod_depar , cod_ciudad ) VALUES ('Cabrera' , 25 ,25120 );
INSERT INTO ciudades ( ciudad_nombre , cod_depar , cod_ciudad ) VALUES ('Cachipay' , 25 ,25123 );
INSERT INTO ciudades ( ciudad_nombre , cod_depar , cod_ciudad ) VALUES ('Cajicá' , 25 ,25126 );
INSERT INTO ciudades ( ciudad_nombre , cod_depar , cod_ciudad ) VALUES ('Caparrapí' , 25 ,25148 );
INSERT INTO ciudades ( ciudad_nombre , cod_depar , cod_ciudad ) VALUES ('Caqueza' , 25 ,25151 );
INSERT INTO ciudades ( ciudad_nombre , cod_depar , cod_ciudad ) VALUES ('Carmen De Carupa' , 25 ,25154 );
INSERT INTO ciudades ( ciudad_nombre , cod_depar , cod_ciudad ) VALUES ('Chaguaní' , 25 ,25168 );
INSERT INTO ciudades ( ciudad_nombre , cod_depar , cod_ciudad ) VALUES ('Chía' , 25 ,25175 );
INSERT INTO ciudades ( ciudad_nombre , cod_depar , cod_ciudad ) VALUES ('Chipaque' , 25 ,25178 );
INSERT INTO ciudades ( ciudad_nombre , cod_depar , cod_ciudad ) VALUES ('Choachí' , 25 ,25181 );
INSERT INTO ciudades ( ciudad_nombre , cod_depar , cod_ciudad ) VALUES ('Chocontá' , 25 ,25183 );
INSERT INTO ciudades ( ciudad_nombre , cod_depar , cod_ciudad ) VALUES ('Cogua' , 25 ,25200 );
INSERT INTO ciudades ( ciudad_nombre , cod_depar , cod_ciudad ) VALUES ('Cota' , 25 ,25214 );
INSERT INTO ciudades ( ciudad_nombre , cod_depar , cod_ciudad ) VALUES ('Cucunubá' , 25 ,25224 );
INSERT INTO ciudades ( ciudad_nombre , cod_depar , cod_ciudad ) VALUES ('El Colegio' , 25 ,25245 );
INSERT INTO ciudades ( ciudad_nombre , cod_depar , cod_ciudad ) VALUES ('El Peñón' , 25 ,25258 );
INSERT INTO ciudades ( ciudad_nombre , cod_depar , cod_ciudad ) VALUES ('El Rosal' , 25 ,25260 );
INSERT INTO ciudades ( ciudad_nombre , cod_depar , cod_ciudad ) VALUES ('Facatativá' , 25 ,25269 );
INSERT INTO ciudades ( ciudad_nombre , cod_depar , cod_ciudad ) VALUES ('Fómeque' , 25 ,25279 );
INSERT INTO ciudades ( ciudad_nombre , cod_depar , cod_ciudad ) VALUES ('Fosca' , 25 ,25281 );
INSERT INTO ciudades ( ciudad_nombre , cod_depar , cod_ciudad ) VALUES ('Funza' , 25 ,25286 );
INSERT INTO ciudades ( ciudad_nombre , cod_depar , cod_ciudad ) VALUES ('Fúquene' , 25 ,25288 );
INSERT INTO ciudades ( ciudad_nombre , cod_depar , cod_ciudad ) VALUES ('Fusagasugá' , 25 ,25290 );
INSERT INTO ciudades ( ciudad_nombre , cod_depar , cod_ciudad ) VALUES ('Gachalá' , 25 ,25293 );
INSERT INTO ciudades ( ciudad_nombre , cod_depar , cod_ciudad ) VALUES ('Gachancipá' , 25 ,25295 );
INSERT INTO ciudades ( ciudad_nombre , cod_depar , cod_ciudad ) VALUES ('Gacheta' , 25 ,25297 );
INSERT INTO ciudades ( ciudad_nombre , cod_depar , cod_ciudad ) VALUES ('Gama' , 25 ,25299 );
INSERT INTO ciudades ( ciudad_nombre , cod_depar , cod_ciudad ) VALUES ('Girardot' , 25 ,25307 );
INSERT INTO ciudades ( ciudad_nombre , cod_depar , cod_ciudad ) VALUES ('Granada' , 25 ,25312 );
INSERT INTO ciudades ( ciudad_nombre , cod_depar , cod_ciudad ) VALUES ('Guachetá' , 25 ,25317 );
INSERT INTO ciudades ( ciudad_nombre , cod_depar , cod_ciudad ) VALUES ('Guaduas' , 25 ,25320 );
INSERT INTO ciudades ( ciudad_nombre , cod_depar , cod_ciudad ) VALUES ('Guasca' , 25 ,25322 );
INSERT INTO ciudades ( ciudad_nombre , cod_depar , cod_ciudad ) VALUES ('Guataquí' , 25 ,25324 );
INSERT INTO ciudades ( ciudad_nombre , cod_depar , cod_ciudad ) VALUES ('Guatavita' , 25 ,25326 );
INSERT INTO ciudades ( ciudad_nombre , cod_depar , cod_ciudad ) VALUES ('Guayabal De Siquima' , 25 ,25328 );
INSERT INTO ciudades ( ciudad_nombre , cod_depar , cod_ciudad ) VALUES ('Guayabetal' , 25 ,25335 );
INSERT INTO ciudades ( ciudad_nombre , cod_depar , cod_ciudad ) VALUES ('Gutiérrez' , 25 ,25339 );
INSERT INTO ciudades ( ciudad_nombre , cod_depar , cod_ciudad ) VALUES ('Jerusalén' , 25 ,25368 );
INSERT INTO ciudades ( ciudad_nombre , cod_depar , cod_ciudad ) VALUES ('Junín' , 25 ,25372 );
INSERT INTO ciudades ( ciudad_nombre , cod_depar , cod_ciudad ) VALUES ('La Calera' , 25 ,25377 );
INSERT INTO ciudades ( ciudad_nombre , cod_depar , cod_ciudad ) VALUES ('La Mesa' , 25 ,25386 );
INSERT INTO ciudades ( ciudad_nombre , cod_depar , cod_ciudad ) VALUES ('La Palma' , 25 ,25394 );
INSERT INTO ciudades ( ciudad_nombre , cod_depar , cod_ciudad ) VALUES ('La Peña' , 25 ,25398 );
INSERT INTO ciudades ( ciudad_nombre , cod_depar , cod_ciudad ) VALUES ('La Vega' , 25 ,25402 );
INSERT INTO ciudades ( ciudad_nombre , cod_depar , cod_ciudad ) VALUES ('Lenguazaque' , 25 ,25407 );
INSERT INTO ciudades ( ciudad_nombre , cod_depar , cod_ciudad ) VALUES ('Macheta' , 25 ,25426 );
INSERT INTO ciudades ( ciudad_nombre , cod_depar , cod_ciudad ) VALUES ('Madrid' , 25 ,25430 );
INSERT INTO ciudades ( ciudad_nombre , cod_depar , cod_ciudad ) VALUES ('Manta' , 25 ,25436 );
INSERT INTO ciudades ( ciudad_nombre , cod_depar , cod_ciudad ) VALUES ('Medina' , 25 ,25438 );
INSERT INTO ciudades ( ciudad_nombre , cod_depar , cod_ciudad ) VALUES ('Mosquera' , 25 ,25473 );
INSERT INTO ciudades ( ciudad_nombre , cod_depar , cod_ciudad ) VALUES ('Nariño' , 25 ,25483 );
INSERT INTO ciudades ( ciudad_nombre , cod_depar , cod_ciudad ) VALUES ('Nemocón' , 25 ,25486 );
INSERT INTO ciudades ( ciudad_nombre , cod_depar , cod_ciudad ) VALUES ('Nilo' , 25 ,25488 );
INSERT INTO ciudades ( ciudad_nombre , cod_depar , cod_ciudad ) VALUES ('Nimaima' , 25 ,25489 );
INSERT INTO ciudades ( ciudad_nombre , cod_depar , cod_ciudad ) VALUES ('Nocaima' , 25 ,25491 );
INSERT INTO ciudades ( ciudad_nombre , cod_depar , cod_ciudad ) VALUES ('Venecia' , 25 ,25506 );
INSERT INTO ciudades ( ciudad_nombre , cod_depar , cod_ciudad ) VALUES ('Pacho' , 25 ,25513 );
INSERT INTO ciudades ( ciudad_nombre , cod_depar , cod_ciudad ) VALUES ('Paime' , 25 ,25518 );
INSERT INTO ciudades ( ciudad_nombre , cod_depar , cod_ciudad ) VALUES ('Pandi' , 25 ,25524 );
INSERT INTO ciudades ( ciudad_nombre , cod_depar , cod_ciudad ) VALUES ('Paratebueno' , 25 ,25530 );
INSERT INTO ciudades ( ciudad_nombre , cod_depar , cod_ciudad ) VALUES ('Pasca' , 25 ,25535 );
INSERT INTO ciudades ( ciudad_nombre , cod_depar , cod_ciudad ) VALUES ('Puerto Salgar' , 25 ,25572 );
INSERT INTO ciudades ( ciudad_nombre , cod_depar , cod_ciudad ) VALUES ('Pulí' , 25 ,25580 );
INSERT INTO ciudades ( ciudad_nombre , cod_depar , cod_ciudad ) VALUES ('Quebradanegra' , 25 ,25592 );
INSERT INTO ciudades ( ciudad_nombre , cod_depar , cod_ciudad ) VALUES ('Quetame' , 25 ,25594 );
INSERT INTO ciudades ( ciudad_nombre , cod_depar , cod_ciudad ) VALUES ('Quipile' , 25 ,25596 );
INSERT INTO ciudades ( ciudad_nombre , cod_depar , cod_ciudad ) VALUES ('Apulo' , 25 ,25599 );
INSERT INTO ciudades ( ciudad_nombre , cod_depar , cod_ciudad ) VALUES ('Ricaurte' , 25 ,25612 );
INSERT INTO ciudades ( ciudad_nombre , cod_depar , cod_ciudad ) VALUES ('San Antonio Del Tequendama' , 25 ,25645 );
INSERT INTO ciudades ( ciudad_nombre , cod_depar , cod_ciudad ) VALUES ('San Bernardo' , 25 ,25649 );
INSERT INTO ciudades ( ciudad_nombre , cod_depar , cod_ciudad ) VALUES ('San Cayetano' , 25 ,25653 );
INSERT INTO ciudades ( ciudad_nombre , cod_depar , cod_ciudad ) VALUES ('San Francisco' , 25 ,25658 );
INSERT INTO ciudades ( ciudad_nombre , cod_depar , cod_ciudad ) VALUES ('San Juan De Rio Seco' , 25 ,25662 );
INSERT INTO ciudades ( ciudad_nombre , cod_depar , cod_ciudad ) VALUES ('Sasaima' , 25 ,25718 );
INSERT INTO ciudades ( ciudad_nombre , cod_depar , cod_ciudad ) VALUES ('Sesquilé' , 25 ,25736 );
INSERT INTO ciudades ( ciudad_nombre , cod_depar , cod_ciudad ) VALUES ('Sibaté' , 25 ,25740 );
INSERT INTO ciudades ( ciudad_nombre , cod_depar , cod_ciudad ) VALUES ('Silvania' , 25 ,25743 );
INSERT INTO ciudades ( ciudad_nombre , cod_depar , cod_ciudad ) VALUES ('Simijaca' , 25 ,25745 );
INSERT INTO ciudades ( ciudad_nombre , cod_depar , cod_ciudad ) VALUES ('Soacha' , 25 ,25754 );
INSERT INTO ciudades ( ciudad_nombre , cod_depar , cod_ciudad ) VALUES ('Sopo' , 25 ,25758 );
INSERT INTO ciudades ( ciudad_nombre , cod_depar , cod_ciudad ) VALUES ('Subachoque' , 25 ,25769 );
INSERT INTO ciudades ( ciudad_nombre , cod_depar , cod_ciudad ) VALUES ('Suesca' , 25 ,25772 );
INSERT INTO ciudades ( ciudad_nombre , cod_depar , cod_ciudad ) VALUES ('Supatá' , 25 ,25777 );
INSERT INTO ciudades ( ciudad_nombre , cod_depar , cod_ciudad ) VALUES ('Susa' , 25 ,25779 );
INSERT INTO ciudades ( ciudad_nombre , cod_depar , cod_ciudad ) VALUES ('Sutatausa' , 25 ,25781 );
INSERT INTO ciudades ( ciudad_nombre , cod_depar , cod_ciudad ) VALUES ('Tabio' , 25 ,25785 );
INSERT INTO ciudades ( ciudad_nombre , cod_depar , cod_ciudad ) VALUES ('Tausa' , 25 ,25793 );
INSERT INTO ciudades ( ciudad_nombre , cod_depar , cod_ciudad ) VALUES ('Tena' , 25 ,25797 );
INSERT INTO ciudades ( ciudad_nombre , cod_depar , cod_ciudad ) VALUES ('Tenjo' , 25 ,25799 );
INSERT INTO ciudades ( ciudad_nombre , cod_depar , cod_ciudad ) VALUES ('Tibacuy' , 25 ,25805 );
INSERT INTO ciudades ( ciudad_nombre , cod_depar , cod_ciudad ) VALUES ('Tibirita' , 25 ,25807 );
INSERT INTO ciudades ( ciudad_nombre , cod_depar , cod_ciudad ) VALUES ('Tocaima' , 25 ,25815 );
INSERT INTO ciudades ( ciudad_nombre , cod_depar , cod_ciudad ) VALUES ('Tocancipá' , 25 ,25817 );
INSERT INTO ciudades ( ciudad_nombre , cod_depar , cod_ciudad ) VALUES ('Topaipí' , 25 ,25823 );
INSERT INTO ciudades ( ciudad_nombre , cod_depar , cod_ciudad ) VALUES ('Ubalá' , 25 ,25839 );
INSERT INTO ciudades ( ciudad_nombre , cod_depar , cod_ciudad ) VALUES ('Ubaque' , 25 ,25841 );
INSERT INTO ciudades ( ciudad_nombre , cod_depar , cod_ciudad ) VALUES ('Villa De San Diego De Ubaté' , 25 ,25843 );
INSERT INTO ciudades ( ciudad_nombre , cod_depar , cod_ciudad ) VALUES ('Une' , 25 ,25845 );
INSERT INTO ciudades ( ciudad_nombre , cod_depar , cod_ciudad ) VALUES ('Útica' , 25 ,25851 );
INSERT INTO ciudades ( ciudad_nombre , cod_depar , cod_ciudad ) VALUES ('Vergara' , 25 ,25862 );
INSERT INTO ciudades ( ciudad_nombre , cod_depar , cod_ciudad ) VALUES ('Vianí' , 25 ,25867 );
INSERT INTO ciudades ( ciudad_nombre , cod_depar , cod_ciudad ) VALUES ('Villagómez' , 25 ,25871 );
INSERT INTO ciudades ( ciudad_nombre , cod_depar , cod_ciudad ) VALUES ('Villapinzón' , 25 ,25873 );
INSERT INTO ciudades ( ciudad_nombre , cod_depar , cod_ciudad ) VALUES ('Villeta' , 25 ,25875 );
INSERT INTO ciudades ( ciudad_nombre , cod_depar , cod_ciudad ) VALUES ('Viotá' , 25 ,25878 );
INSERT INTO ciudades ( ciudad_nombre , cod_depar , cod_ciudad ) VALUES ('Yacopí' , 25 ,25885 );
INSERT INTO ciudades ( ciudad_nombre , cod_depar , cod_ciudad ) VALUES ('Zipacón' , 25 ,25898 );
INSERT INTO ciudades ( ciudad_nombre , cod_depar , cod_ciudad ) VALUES ('Zipaquirá' , 25 ,25899 );
INSERT INTO ciudades ( ciudad_nombre , cod_depar , cod_ciudad ) VALUES ('Quibdó' , 27 ,27001 );
INSERT INTO ciudades ( ciudad_nombre , cod_depar , cod_ciudad ) VALUES ('Acandí' , 27 ,27006 );
INSERT INTO ciudades ( ciudad_nombre , cod_depar , cod_ciudad ) VALUES ('Alto Baudó' , 27 ,27025 );
INSERT INTO ciudades ( ciudad_nombre , cod_depar , cod_ciudad ) VALUES ('Atrato' , 27 ,27050 );
INSERT INTO ciudades ( ciudad_nombre , cod_depar , cod_ciudad ) VALUES ('Bagado' , 27 ,27073 );
INSERT INTO ciudades ( ciudad_nombre , cod_depar , cod_ciudad ) VALUES ('Bahía Solano' , 27 ,27075 );
INSERT INTO ciudades ( ciudad_nombre , cod_depar , cod_ciudad ) VALUES ('Bajo Baudó' , 27 ,27077 );
INSERT INTO ciudades ( ciudad_nombre , cod_depar , cod_ciudad ) VALUES ('Belén De Bajirá' , 27 ,27086 );
INSERT INTO ciudades ( ciudad_nombre , cod_depar , cod_ciudad ) VALUES ('Bojaya' , 27 ,27099 );
INSERT INTO ciudades ( ciudad_nombre , cod_depar , cod_ciudad ) VALUES ('El Cantón Del San Pablo' , 27 ,27135 );
INSERT INTO ciudades ( ciudad_nombre , cod_depar , cod_ciudad ) VALUES ('Carmen Del Darien' , 27 ,27150 );
INSERT INTO ciudades ( ciudad_nombre , cod_depar , cod_ciudad ) VALUES ('Cértegui' , 27 ,27160 );
INSERT INTO ciudades ( ciudad_nombre , cod_depar , cod_ciudad ) VALUES ('Condoto' , 27 ,27205 );
INSERT INTO ciudades ( ciudad_nombre , cod_depar , cod_ciudad ) VALUES ('El Carmen De Atrato' , 27 ,27245 );
INSERT INTO ciudades ( ciudad_nombre , cod_depar , cod_ciudad ) VALUES ('El Litoral Del San Juan' , 27 ,27250 );
INSERT INTO ciudades ( ciudad_nombre , cod_depar , cod_ciudad ) VALUES ('Istmina' , 27 ,27361 );
INSERT INTO ciudades ( ciudad_nombre , cod_depar , cod_ciudad ) VALUES ('Jurado' , 27 ,27372 );
INSERT INTO ciudades ( ciudad_nombre , cod_depar , cod_ciudad ) VALUES ('Lloro' , 27 ,27413 );
INSERT INTO ciudades ( ciudad_nombre , cod_depar , cod_ciudad ) VALUES ('Medio Atrato' , 27 ,27425 );
INSERT INTO ciudades ( ciudad_nombre , cod_depar , cod_ciudad ) VALUES ('Medio Baudó' , 27 ,27430 );
INSERT INTO ciudades ( ciudad_nombre , cod_depar , cod_ciudad ) VALUES ('Medio San Juan' , 27 ,27450 );
INSERT INTO ciudades ( ciudad_nombre , cod_depar , cod_ciudad ) VALUES ('Nóvita' , 27 ,27491 );
INSERT INTO ciudades ( ciudad_nombre , cod_depar , cod_ciudad ) VALUES ('Nuquí' , 27 ,27495 );
INSERT INTO ciudades ( ciudad_nombre , cod_depar , cod_ciudad ) VALUES ('Rio Iro' , 27 ,27580 );
INSERT INTO ciudades ( ciudad_nombre , cod_depar , cod_ciudad ) VALUES ('Rio Quito' , 27 ,27600 );
INSERT INTO ciudades ( ciudad_nombre , cod_depar , cod_ciudad ) VALUES ('Riosucio' , 27 ,27615 );
INSERT INTO ciudades ( ciudad_nombre , cod_depar , cod_ciudad ) VALUES ('San José Del Palmar' , 27 ,27660 );
INSERT INTO ciudades ( ciudad_nombre , cod_depar , cod_ciudad ) VALUES ('Sipí' , 27 ,27745 );
INSERT INTO ciudades ( ciudad_nombre , cod_depar , cod_ciudad ) VALUES ('Tadó' , 27 ,27787 );
INSERT INTO ciudades ( ciudad_nombre , cod_depar , cod_ciudad ) VALUES ('Unguía' , 27 ,27800 );
INSERT INTO ciudades ( ciudad_nombre , cod_depar , cod_ciudad ) VALUES ('Unión Panamericana' , 27 ,27810 );
INSERT INTO ciudades ( ciudad_nombre , cod_depar , cod_ciudad ) VALUES ('Neiva' , 41 ,41001 );
INSERT INTO ciudades ( ciudad_nombre , cod_depar , cod_ciudad ) VALUES ('Acevedo' , 41 ,41006 );
INSERT INTO ciudades ( ciudad_nombre , cod_depar , cod_ciudad ) VALUES ('Agrado' , 41 ,41013 );
INSERT INTO ciudades ( ciudad_nombre , cod_depar , cod_ciudad ) VALUES ('Aipe' , 41 ,41016 );
INSERT INTO ciudades ( ciudad_nombre , cod_depar , cod_ciudad ) VALUES ('Algeciras' , 41 ,41020 );
INSERT INTO ciudades ( ciudad_nombre , cod_depar , cod_ciudad ) VALUES ('Altamira' , 41 ,41026 );
INSERT INTO ciudades ( ciudad_nombre , cod_depar , cod_ciudad ) VALUES ('Baraya' , 41 ,41078 );
INSERT INTO ciudades ( ciudad_nombre , cod_depar , cod_ciudad ) VALUES ('Campoalegre' , 41 ,41132 );
INSERT INTO ciudades ( ciudad_nombre , cod_depar , cod_ciudad ) VALUES ('Colombia' , 41 ,41206 );
INSERT INTO ciudades ( ciudad_nombre , cod_depar , cod_ciudad ) VALUES ('Elías' , 41 ,41244 );
INSERT INTO ciudades ( ciudad_nombre , cod_depar , cod_ciudad ) VALUES ('Garzón' , 41 ,41298 );
INSERT INTO ciudades ( ciudad_nombre , cod_depar , cod_ciudad ) VALUES ('Gigante' , 41 ,41306 );
INSERT INTO ciudades ( ciudad_nombre , cod_depar , cod_ciudad ) VALUES ('Guadalupe' , 41 ,41319 );
INSERT INTO ciudades ( ciudad_nombre , cod_depar , cod_ciudad ) VALUES ('Hobo' , 41 ,41349 );
INSERT INTO ciudades ( ciudad_nombre , cod_depar , cod_ciudad ) VALUES ('Iquira' , 41 ,41357 );
INSERT INTO ciudades ( ciudad_nombre , cod_depar , cod_ciudad ) VALUES ('Isnos' , 41 ,41359 );
INSERT INTO ciudades ( ciudad_nombre , cod_depar , cod_ciudad ) VALUES ('La Argentina' , 41 ,41378 );
INSERT INTO ciudades ( ciudad_nombre , cod_depar , cod_ciudad ) VALUES ('La Plata' , 41 ,41396 );
INSERT INTO ciudades ( ciudad_nombre , cod_depar , cod_ciudad ) VALUES ('Nátaga' , 41 ,41483 );
INSERT INTO ciudades ( ciudad_nombre , cod_depar , cod_ciudad ) VALUES ('Oporapa' , 41 ,41503 );
INSERT INTO ciudades ( ciudad_nombre , cod_depar , cod_ciudad ) VALUES ('Paicol' , 41 ,41518 );
INSERT INTO ciudades ( ciudad_nombre , cod_depar , cod_ciudad ) VALUES ('Palermo' , 41 ,41524 );
INSERT INTO ciudades ( ciudad_nombre , cod_depar , cod_ciudad ) VALUES ('Palestina' , 41 ,41530 );
INSERT INTO ciudades ( ciudad_nombre , cod_depar , cod_ciudad ) VALUES ('Pital' , 41 ,41548 );
INSERT INTO ciudades ( ciudad_nombre , cod_depar , cod_ciudad ) VALUES ('Pitalito' , 41 ,41551 );
INSERT INTO ciudades ( ciudad_nombre , cod_depar , cod_ciudad ) VALUES ('Rivera' , 41 ,41615 );
INSERT INTO ciudades ( ciudad_nombre , cod_depar , cod_ciudad ) VALUES ('Saladoblanco' , 41 ,41660 );
INSERT INTO ciudades ( ciudad_nombre , cod_depar , cod_ciudad ) VALUES ('San Agustín' , 41 ,41668 );
INSERT INTO ciudades ( ciudad_nombre , cod_depar , cod_ciudad ) VALUES ('Santa María' , 41 ,41676 );
INSERT INTO ciudades ( ciudad_nombre , cod_depar , cod_ciudad ) VALUES ('Suaza' , 41 ,41770 );
INSERT INTO ciudades ( ciudad_nombre , cod_depar , cod_ciudad ) VALUES ('Tarqui' , 41 ,41791 );
INSERT INTO ciudades ( ciudad_nombre , cod_depar , cod_ciudad ) VALUES ('Tesalia' , 41 ,41797 );
INSERT INTO ciudades ( ciudad_nombre , cod_depar , cod_ciudad ) VALUES ('Tello' , 41 ,41799 );
INSERT INTO ciudades ( ciudad_nombre , cod_depar , cod_ciudad ) VALUES ('Teruel' , 41 ,41801 );
INSERT INTO ciudades ( ciudad_nombre , cod_depar , cod_ciudad ) VALUES ('Timaná' , 41 ,41807 );
INSERT INTO ciudades ( ciudad_nombre , cod_depar , cod_ciudad ) VALUES ('Villavieja' , 41 ,41872 );
INSERT INTO ciudades ( ciudad_nombre , cod_depar , cod_ciudad ) VALUES ('Yaguará' , 41 ,41885 );
INSERT INTO ciudades ( ciudad_nombre , cod_depar , cod_ciudad ) VALUES ('Riohacha' , 44 ,44001 );
INSERT INTO ciudades ( ciudad_nombre , cod_depar , cod_ciudad ) VALUES ('Albania' , 44 ,44035 );
INSERT INTO ciudades ( ciudad_nombre , cod_depar , cod_ciudad ) VALUES ('Barrancas' , 44 ,44078 );
INSERT INTO ciudades ( ciudad_nombre , cod_depar , cod_ciudad ) VALUES ('Dibulla' , 44 ,44090 );
INSERT INTO ciudades ( ciudad_nombre , cod_depar , cod_ciudad ) VALUES ('Distracción' , 44 ,44098 );
INSERT INTO ciudades ( ciudad_nombre , cod_depar , cod_ciudad ) VALUES ('El Molino' , 44 ,44110 );
INSERT INTO ciudades ( ciudad_nombre , cod_depar , cod_ciudad ) VALUES ('Fonseca' , 44 ,44279 );
INSERT INTO ciudades ( ciudad_nombre , cod_depar , cod_ciudad ) VALUES ('Hatonuevo' , 44 ,44378 );
INSERT INTO ciudades ( ciudad_nombre , cod_depar , cod_ciudad ) VALUES ('La Jagua Del Pilar' , 44 ,44420 );
INSERT INTO ciudades ( ciudad_nombre , cod_depar , cod_ciudad ) VALUES ('Maicao' , 44 ,44430 );
INSERT INTO ciudades ( ciudad_nombre , cod_depar , cod_ciudad ) VALUES ('Manaure' , 44 ,44560 );
INSERT INTO ciudades ( ciudad_nombre , cod_depar , cod_ciudad ) VALUES ('San Juan Del Cesar' , 44 ,44650 );
INSERT INTO ciudades ( ciudad_nombre , cod_depar , cod_ciudad ) VALUES ('Uribia' , 44 ,44847 );
INSERT INTO ciudades ( ciudad_nombre , cod_depar , cod_ciudad ) VALUES ('Urumita' , 44 ,44855 );
INSERT INTO ciudades ( ciudad_nombre , cod_depar , cod_ciudad ) VALUES ('Villanueva' , 44 ,44874 );
INSERT INTO ciudades ( ciudad_nombre , cod_depar , cod_ciudad ) VALUES ('Santa Marta' , 47 ,47001 );
INSERT INTO ciudades ( ciudad_nombre , cod_depar , cod_ciudad ) VALUES ('Algarrobo' , 47 ,47030 );
INSERT INTO ciudades ( ciudad_nombre , cod_depar , cod_ciudad ) VALUES ('Aracataca' , 47 ,47053 );
INSERT INTO ciudades ( ciudad_nombre , cod_depar , cod_ciudad ) VALUES ('Ariguaní' , 47 ,47058 );
INSERT INTO ciudades ( ciudad_nombre , cod_depar , cod_ciudad ) VALUES ('Cerro San Antonio' , 47 ,47161 );
INSERT INTO ciudades ( ciudad_nombre , cod_depar , cod_ciudad ) VALUES ('Chibolo' , 47 ,47170 );
INSERT INTO ciudades ( ciudad_nombre , cod_depar , cod_ciudad ) VALUES ('Ciénaga' , 47 ,47189 );
INSERT INTO ciudades ( ciudad_nombre , cod_depar , cod_ciudad ) VALUES ('Concordia' , 47 ,47205 );
INSERT INTO ciudades ( ciudad_nombre , cod_depar , cod_ciudad ) VALUES ('El Banco' , 47 ,47245 );
INSERT INTO ciudades ( ciudad_nombre , cod_depar , cod_ciudad ) VALUES ('El Piñon' , 47 ,47258 );
INSERT INTO ciudades ( ciudad_nombre , cod_depar , cod_ciudad ) VALUES ('El Reten' , 47 ,47268 );
INSERT INTO ciudades ( ciudad_nombre , cod_depar , cod_ciudad ) VALUES ('Fundación' , 47 ,47288 );
INSERT INTO ciudades ( ciudad_nombre , cod_depar , cod_ciudad ) VALUES ('Guamal' , 47 ,47318 );
INSERT INTO ciudades ( ciudad_nombre , cod_depar , cod_ciudad ) VALUES ('Nueva Granada' , 47 ,47460 );
INSERT INTO ciudades ( ciudad_nombre , cod_depar , cod_ciudad ) VALUES ('Pedraza' , 47 ,47541 );
INSERT INTO ciudades ( ciudad_nombre , cod_depar , cod_ciudad ) VALUES ('Pijiño Del Carmen' , 47 ,47545 );
INSERT INTO ciudades ( ciudad_nombre , cod_depar , cod_ciudad ) VALUES ('Pivijay' , 47 ,47551 );
INSERT INTO ciudades ( ciudad_nombre , cod_depar , cod_ciudad ) VALUES ('Plato' , 47 ,47555 );
INSERT INTO ciudades ( ciudad_nombre , cod_depar , cod_ciudad ) VALUES ('Puebloviejo' , 47 ,47570 );
INSERT INTO ciudades ( ciudad_nombre , cod_depar , cod_ciudad ) VALUES ('Remolino' , 47 ,47605 );
INSERT INTO ciudades ( ciudad_nombre , cod_depar , cod_ciudad ) VALUES ('Sabanas De San Angel' , 47 ,47660 );
INSERT INTO ciudades ( ciudad_nombre , cod_depar , cod_ciudad ) VALUES ('Salamina' , 47 ,47675 );
INSERT INTO ciudades ( ciudad_nombre , cod_depar , cod_ciudad ) VALUES ('San' , 47 ,47692 );
INSERT INTO ciudades ( ciudad_nombre , cod_depar , cod_ciudad ) VALUES ('San Zenón' , 47 ,47703 );
INSERT INTO ciudades ( ciudad_nombre , cod_depar , cod_ciudad ) VALUES ('Santa Ana' , 47 ,47707 );
INSERT INTO ciudades ( ciudad_nombre , cod_depar , cod_ciudad ) VALUES ('Santa Barbara De Pinto' , 47 ,47720 );
INSERT INTO ciudades ( ciudad_nombre , cod_depar , cod_ciudad ) VALUES ('Sitionuevo' , 47 ,47745 );
INSERT INTO ciudades ( ciudad_nombre , cod_depar , cod_ciudad ) VALUES ('Tenerife' , 47 ,47798 );
INSERT INTO ciudades ( ciudad_nombre , cod_depar , cod_ciudad ) VALUES ('Zapayán' , 47 ,47960 );
INSERT INTO ciudades ( ciudad_nombre , cod_depar , cod_ciudad ) VALUES ('Zona Bananera' , 47 ,47980 );
INSERT INTO ciudades ( ciudad_nombre , cod_depar , cod_ciudad ) VALUES ('Villavicencio' , 50 ,50001 );
INSERT INTO ciudades ( ciudad_nombre , cod_depar , cod_ciudad ) VALUES ('Acacias' , 50 ,50006 );
INSERT INTO ciudades ( ciudad_nombre , cod_depar , cod_ciudad ) VALUES ('Barranca De Upía' , 50 ,50110 );
INSERT INTO ciudades ( ciudad_nombre , cod_depar , cod_ciudad ) VALUES ('Cabuyaro' , 50 ,50124 );
INSERT INTO ciudades ( ciudad_nombre , cod_depar , cod_ciudad ) VALUES ('Castilla La Nueva' , 50 ,50150 );
INSERT INTO ciudades ( ciudad_nombre , cod_depar , cod_ciudad ) VALUES ('Cubarral' , 50 ,50223 );
INSERT INTO ciudades ( ciudad_nombre , cod_depar , cod_ciudad ) VALUES ('Cumaral' , 50 ,50226 );
INSERT INTO ciudades ( ciudad_nombre , cod_depar , cod_ciudad ) VALUES ('El Calvario' , 50 ,50245 );
INSERT INTO ciudades ( ciudad_nombre , cod_depar , cod_ciudad ) VALUES ('El Castillo' , 50 ,50251 );
INSERT INTO ciudades ( ciudad_nombre , cod_depar , cod_ciudad ) VALUES ('El Dorado' , 50 ,50270 );
INSERT INTO ciudades ( ciudad_nombre , cod_depar , cod_ciudad ) VALUES ('Fuente De Oro' , 50 ,50287 );
INSERT INTO ciudades ( ciudad_nombre , cod_depar , cod_ciudad ) VALUES ('Granada' , 50 ,50313 );
INSERT INTO ciudades ( ciudad_nombre , cod_depar , cod_ciudad ) VALUES ('Guamal' , 50 ,50318 );
INSERT INTO ciudades ( ciudad_nombre , cod_depar , cod_ciudad ) VALUES ('Mapiripán' , 50 ,50325 );
INSERT INTO ciudades ( ciudad_nombre , cod_depar , cod_ciudad ) VALUES ('Mesetas' , 50 ,50330 );
INSERT INTO ciudades ( ciudad_nombre , cod_depar , cod_ciudad ) VALUES ('La Macarena' , 50 ,50350 );
INSERT INTO ciudades ( ciudad_nombre , cod_depar , cod_ciudad ) VALUES ('Uribe' , 50 ,50370 );
INSERT INTO ciudades ( ciudad_nombre , cod_depar , cod_ciudad ) VALUES ('Lejanías' , 50 ,50400 );
INSERT INTO ciudades ( ciudad_nombre , cod_depar , cod_ciudad ) VALUES ('Puerto Concordia' , 50 ,50450 );
INSERT INTO ciudades ( ciudad_nombre , cod_depar , cod_ciudad ) VALUES ('Puerto Gaitán' , 50 ,50568 );
INSERT INTO ciudades ( ciudad_nombre , cod_depar , cod_ciudad ) VALUES ('Puerto López' , 50 ,50573 );
INSERT INTO ciudades ( ciudad_nombre , cod_depar , cod_ciudad ) VALUES ('Puerto Lleras' , 50 ,50577 );
INSERT INTO ciudades ( ciudad_nombre , cod_depar , cod_ciudad ) VALUES ('Puerto Rico' , 50 ,50590 );
INSERT INTO ciudades ( ciudad_nombre , cod_depar , cod_ciudad ) VALUES ('Restrepo' , 50 ,50606 );
INSERT INTO ciudades ( ciudad_nombre , cod_depar , cod_ciudad ) VALUES ('San Carlos De Guaroa' , 50 ,50680 );
INSERT INTO ciudades ( ciudad_nombre , cod_depar , cod_ciudad ) VALUES ('San Juan De Arama' , 50 ,50683 );
INSERT INTO ciudades ( ciudad_nombre , cod_depar , cod_ciudad ) VALUES ('San Juanito' , 50 ,50686 );
INSERT INTO ciudades ( ciudad_nombre , cod_depar , cod_ciudad ) VALUES ('San Martín' , 50 ,50689 );
INSERT INTO ciudades ( ciudad_nombre , cod_depar , cod_ciudad ) VALUES ('Vista Hermosa' , 50 ,50711 );
INSERT INTO ciudades ( ciudad_nombre , cod_depar , cod_ciudad ) VALUES ('Pasto' , 52 ,52001 );
INSERT INTO ciudades ( ciudad_nombre , cod_depar , cod_ciudad ) VALUES ('Albán' , 52 ,52019 );
INSERT INTO ciudades ( ciudad_nombre , cod_depar , cod_ciudad ) VALUES ('Aldana' , 52 ,52022 );
INSERT INTO ciudades ( ciudad_nombre , cod_depar , cod_ciudad ) VALUES ('Ancuyá' , 52 ,52036 );
INSERT INTO ciudades ( ciudad_nombre , cod_depar , cod_ciudad ) VALUES ('Arboleda' , 52 ,52051 );
INSERT INTO ciudades ( ciudad_nombre , cod_depar , cod_ciudad ) VALUES ('Barbacoas' , 52 ,52079 );
INSERT INTO ciudades ( ciudad_nombre , cod_depar , cod_ciudad ) VALUES ('Belén' , 52 ,52083 );
INSERT INTO ciudades ( ciudad_nombre , cod_depar , cod_ciudad ) VALUES ('Buesaco' , 52 ,52110 );
INSERT INTO ciudades ( ciudad_nombre , cod_depar , cod_ciudad ) VALUES ('Colon' , 52 ,52203 );
INSERT INTO ciudades ( ciudad_nombre , cod_depar , cod_ciudad ) VALUES ('Consaca' , 52 ,52207 );
INSERT INTO ciudades ( ciudad_nombre , cod_depar , cod_ciudad ) VALUES ('Contadero' , 52 ,52210 );
INSERT INTO ciudades ( ciudad_nombre , cod_depar , cod_ciudad ) VALUES ('Córdoba' , 52 ,52215 );
INSERT INTO ciudades ( ciudad_nombre , cod_depar , cod_ciudad ) VALUES ('Cuaspud' , 52 ,52224 );
INSERT INTO ciudades ( ciudad_nombre , cod_depar , cod_ciudad ) VALUES ('Cumbal' , 52 ,52227 );
INSERT INTO ciudades ( ciudad_nombre , cod_depar , cod_ciudad ) VALUES ('Cumbitara' , 52 ,52233 );
INSERT INTO ciudades ( ciudad_nombre , cod_depar , cod_ciudad ) VALUES ('Chachagüí' , 52 ,52240 );
INSERT INTO ciudades ( ciudad_nombre , cod_depar , cod_ciudad ) VALUES ('El Charco' , 52 ,52250 );
INSERT INTO ciudades ( ciudad_nombre , cod_depar , cod_ciudad ) VALUES ('El Peñol' , 52 ,52254 );
INSERT INTO ciudades ( ciudad_nombre , cod_depar , cod_ciudad ) VALUES ('El Rosario' , 52 ,52256 );
INSERT INTO ciudades ( ciudad_nombre , cod_depar , cod_ciudad ) VALUES ('El Tablón De Gómez' , 52 ,52258 );
INSERT INTO ciudades ( ciudad_nombre , cod_depar , cod_ciudad ) VALUES ('El Tambo' , 52 ,52260 );
INSERT INTO ciudades ( ciudad_nombre , cod_depar , cod_ciudad ) VALUES ('Funes' , 52 ,52287 );
INSERT INTO ciudades ( ciudad_nombre , cod_depar , cod_ciudad ) VALUES ('Guachucal' , 52 ,52317 );
INSERT INTO ciudades ( ciudad_nombre , cod_depar , cod_ciudad ) VALUES ('Guaitarilla' , 52 ,52320 );
INSERT INTO ciudades ( ciudad_nombre , cod_depar , cod_ciudad ) VALUES ('Gualmatán' , 52 ,52323 );
INSERT INTO ciudades ( ciudad_nombre , cod_depar , cod_ciudad ) VALUES ('Iles' , 52 ,52352 );
INSERT INTO ciudades ( ciudad_nombre , cod_depar , cod_ciudad ) VALUES ('Imués' , 52 ,52354 );
INSERT INTO ciudades ( ciudad_nombre , cod_depar , cod_ciudad ) VALUES ('Ipiales' , 52 ,52356 );
INSERT INTO ciudades ( ciudad_nombre , cod_depar , cod_ciudad ) VALUES ('La Cruz' , 52 ,52378 );
INSERT INTO ciudades ( ciudad_nombre , cod_depar , cod_ciudad ) VALUES ('La Florida' , 52 ,52381 );
INSERT INTO ciudades ( ciudad_nombre , cod_depar , cod_ciudad ) VALUES ('La Llanada' , 52 ,52385 );
INSERT INTO ciudades ( ciudad_nombre , cod_depar , cod_ciudad ) VALUES ('La Tola' , 52 ,52390 );
INSERT INTO ciudades ( ciudad_nombre , cod_depar , cod_ciudad ) VALUES ('La Unión' , 52 ,52399 );
INSERT INTO ciudades ( ciudad_nombre , cod_depar , cod_ciudad ) VALUES ('Leiva' , 52 ,52405 );
INSERT INTO ciudades ( ciudad_nombre , cod_depar , cod_ciudad ) VALUES ('Linares' , 52 ,52411 );
INSERT INTO ciudades ( ciudad_nombre , cod_depar , cod_ciudad ) VALUES ('Los Andes' , 52 ,52418 );
INSERT INTO ciudades ( ciudad_nombre , cod_depar , cod_ciudad ) VALUES ('Magüi' , 52 ,52427 );
INSERT INTO ciudades ( ciudad_nombre , cod_depar , cod_ciudad ) VALUES ('Mallama' , 52 ,52435 );
INSERT INTO ciudades ( ciudad_nombre , cod_depar , cod_ciudad ) VALUES ('Mosquera' , 52 ,52473 );
INSERT INTO ciudades ( ciudad_nombre , cod_depar , cod_ciudad ) VALUES ('Nariño' , 52 ,52480 );
INSERT INTO ciudades ( ciudad_nombre , cod_depar , cod_ciudad ) VALUES ('Olaya Herrera' , 52 ,52490 );
INSERT INTO ciudades ( ciudad_nombre , cod_depar , cod_ciudad ) VALUES ('Ospina' , 52 ,52506 );
INSERT INTO ciudades ( ciudad_nombre , cod_depar , cod_ciudad ) VALUES ('Francisco Pizarro' , 52 ,52520 );
INSERT INTO ciudades ( ciudad_nombre , cod_depar , cod_ciudad ) VALUES ('Policarpa' , 52 ,52540 );
INSERT INTO ciudades ( ciudad_nombre , cod_depar , cod_ciudad ) VALUES ('Potosí' , 52 ,52560 );
INSERT INTO ciudades ( ciudad_nombre , cod_depar , cod_ciudad ) VALUES ('Providencia' , 52 ,52565 );
INSERT INTO ciudades ( ciudad_nombre , cod_depar , cod_ciudad ) VALUES ('Puerres' , 52 ,52573 );
INSERT INTO ciudades ( ciudad_nombre , cod_depar , cod_ciudad ) VALUES ('Pupiales' , 52 ,52585 );
INSERT INTO ciudades ( ciudad_nombre , cod_depar , cod_ciudad ) VALUES ('Ricaurte' , 52 ,52612 );
INSERT INTO ciudades ( ciudad_nombre , cod_depar , cod_ciudad ) VALUES ('Roberto Payan' , 52 ,52621 );
INSERT INTO ciudades ( ciudad_nombre , cod_depar , cod_ciudad ) VALUES ('Samaniego' , 52 ,52678 );
INSERT INTO ciudades ( ciudad_nombre , cod_depar , cod_ciudad ) VALUES ('Sandoná' , 52 ,52683 );
INSERT INTO ciudades ( ciudad_nombre , cod_depar , cod_ciudad ) VALUES ('San Bernardo' , 52 ,52685 );
INSERT INTO ciudades ( ciudad_nombre , cod_depar , cod_ciudad ) VALUES ('San Lorenzo' , 52 ,52687 );
INSERT INTO ciudades ( ciudad_nombre , cod_depar , cod_ciudad ) VALUES ('San Pablo' , 52 ,52693 );
INSERT INTO ciudades ( ciudad_nombre , cod_depar , cod_ciudad ) VALUES ('San Pedro De Cartago' , 52 ,52694 );
INSERT INTO ciudades ( ciudad_nombre , cod_depar , cod_ciudad ) VALUES ('Santa Barbara' , 52 ,52696 );
INSERT INTO ciudades ( ciudad_nombre , cod_depar , cod_ciudad ) VALUES ('Santacruz' , 52 ,52699 );
INSERT INTO ciudades ( ciudad_nombre , cod_depar , cod_ciudad ) VALUES ('Sapuyes' , 52 ,52720 );
INSERT INTO ciudades ( ciudad_nombre , cod_depar , cod_ciudad ) VALUES ('Taminango' , 52 ,52786 );
INSERT INTO ciudades ( ciudad_nombre , cod_depar , cod_ciudad ) VALUES ('Tangua' , 52 ,52788 );
INSERT INTO ciudades ( ciudad_nombre , cod_depar , cod_ciudad ) VALUES ('Tumaco' , 52 ,52835 );
INSERT INTO ciudades ( ciudad_nombre , cod_depar , cod_ciudad ) VALUES ('Túquerres' , 52 ,52838 );
INSERT INTO ciudades ( ciudad_nombre , cod_depar , cod_ciudad ) VALUES ('Yacuanquer' , 52 ,52885 );
INSERT INTO ciudades ( ciudad_nombre , cod_depar , cod_ciudad ) VALUES ('Cúcuta' , 54 ,54001 );
INSERT INTO ciudades ( ciudad_nombre , cod_depar , cod_ciudad ) VALUES ('Abrego' , 54 ,54003 );
INSERT INTO ciudades ( ciudad_nombre , cod_depar , cod_ciudad ) VALUES ('Arboledas' , 54 ,54051 );
INSERT INTO ciudades ( ciudad_nombre , cod_depar , cod_ciudad ) VALUES ('Bochalema' , 54 ,54099 );
INSERT INTO ciudades ( ciudad_nombre , cod_depar , cod_ciudad ) VALUES ('Bucarasica' , 54 ,54109 );
INSERT INTO ciudades ( ciudad_nombre , cod_depar , cod_ciudad ) VALUES ('Cácota' , 54 ,54125 );
INSERT INTO ciudades ( ciudad_nombre , cod_depar , cod_ciudad ) VALUES ('Cachirá' , 54 ,54128 );
INSERT INTO ciudades ( ciudad_nombre , cod_depar , cod_ciudad ) VALUES ('Chinácota' , 54 ,54172 );
INSERT INTO ciudades ( ciudad_nombre , cod_depar , cod_ciudad ) VALUES ('Chitagá' , 54 ,54174 );
INSERT INTO ciudades ( ciudad_nombre , cod_depar , cod_ciudad ) VALUES ('Convención' , 54 ,54206 );
INSERT INTO ciudades ( ciudad_nombre , cod_depar , cod_ciudad ) VALUES ('Cucutilla' , 54 ,54223 );
INSERT INTO ciudades ( ciudad_nombre , cod_depar , cod_ciudad ) VALUES ('Duranía' , 54 ,54239 );
INSERT INTO ciudades ( ciudad_nombre , cod_depar , cod_ciudad ) VALUES ('El Carmen' , 54 ,54245 );
INSERT INTO ciudades ( ciudad_nombre , cod_depar , cod_ciudad ) VALUES ('El Tarra' , 54 ,54250 );
INSERT INTO ciudades ( ciudad_nombre , cod_depar , cod_ciudad ) VALUES ('El Zulia' , 54 ,54261 );
INSERT INTO ciudades ( ciudad_nombre , cod_depar , cod_ciudad ) VALUES ('Gramalote' , 54 ,54313 );
INSERT INTO ciudades ( ciudad_nombre , cod_depar , cod_ciudad ) VALUES ('Hacarí' , 54 ,54344 );
INSERT INTO ciudades ( ciudad_nombre , cod_depar , cod_ciudad ) VALUES ('Herrán' , 54 ,54347 );
INSERT INTO ciudades ( ciudad_nombre , cod_depar , cod_ciudad ) VALUES ('Labateca' , 54 ,54377 );
INSERT INTO ciudades ( ciudad_nombre , cod_depar , cod_ciudad ) VALUES ('La Esperanza' , 54 ,54385 );
INSERT INTO ciudades ( ciudad_nombre , cod_depar , cod_ciudad ) VALUES ('La Playa' , 54 ,54398 );
INSERT INTO ciudades ( ciudad_nombre , cod_depar , cod_ciudad ) VALUES ('Los Patios' , 54 ,54405 );
INSERT INTO ciudades ( ciudad_nombre , cod_depar , cod_ciudad ) VALUES ('Lourdes' , 54 ,54418 );
INSERT INTO ciudades ( ciudad_nombre , cod_depar , cod_ciudad ) VALUES ('Mutiscua' , 54 ,54480 );
INSERT INTO ciudades ( ciudad_nombre , cod_depar , cod_ciudad ) VALUES ('Ocaña' , 54 ,54498 );
INSERT INTO ciudades ( ciudad_nombre , cod_depar , cod_ciudad ) VALUES ('Pamplona' , 54 ,54518 );
INSERT INTO ciudades ( ciudad_nombre , cod_depar , cod_ciudad ) VALUES ('Pamplonita' , 54 ,54520 );
INSERT INTO ciudades ( ciudad_nombre , cod_depar , cod_ciudad ) VALUES ('Puerto Santander' , 54 ,54553 );
INSERT INTO ciudades ( ciudad_nombre , cod_depar , cod_ciudad ) VALUES ('Ragonvalia' , 54 ,54599 );
INSERT INTO ciudades ( ciudad_nombre , cod_depar , cod_ciudad ) VALUES ('Salazar' , 54 ,54660 );
INSERT INTO ciudades ( ciudad_nombre , cod_depar , cod_ciudad ) VALUES ('San Calixto' , 54 ,54670 );
INSERT INTO ciudades ( ciudad_nombre , cod_depar , cod_ciudad ) VALUES ('San Cayetano' , 54 ,54673 );
INSERT INTO ciudades ( ciudad_nombre , cod_depar , cod_ciudad ) VALUES ('Santiago' , 54 ,54680 );
INSERT INTO ciudades ( ciudad_nombre , cod_depar , cod_ciudad ) VALUES ('Sardinata' , 54 ,54720 );
INSERT INTO ciudades ( ciudad_nombre , cod_depar , cod_ciudad ) VALUES ('Silos' , 54 ,54743 );
INSERT INTO ciudades ( ciudad_nombre , cod_depar , cod_ciudad ) VALUES ('Teorama' , 54 ,54800 );
INSERT INTO ciudades ( ciudad_nombre , cod_depar , cod_ciudad ) VALUES ('Tibú' , 54 ,54810 );
INSERT INTO ciudades ( ciudad_nombre , cod_depar , cod_ciudad ) VALUES ('Toledo' , 54 ,54820 );
INSERT INTO ciudades ( ciudad_nombre , cod_depar , cod_ciudad ) VALUES ('Villa Caro' , 54 ,54871 );
INSERT INTO ciudades ( ciudad_nombre , cod_depar , cod_ciudad ) VALUES ('Villa Del Rosario' , 54 ,54874 );
INSERT INTO ciudades ( ciudad_nombre , cod_depar , cod_ciudad ) VALUES ('Armenia' , 63 ,63001 );
INSERT INTO ciudades ( ciudad_nombre , cod_depar , cod_ciudad ) VALUES ('Buenavista' , 63 ,63111 );
INSERT INTO ciudades ( ciudad_nombre , cod_depar , cod_ciudad ) VALUES ('Calarcá' , 63 ,63130 );
INSERT INTO ciudades ( ciudad_nombre , cod_depar , cod_ciudad ) VALUES ('Circasia' , 63 ,63190 );
INSERT INTO ciudades ( ciudad_nombre , cod_depar , cod_ciudad ) VALUES ('Córdoba' , 63 ,63212 );
INSERT INTO ciudades ( ciudad_nombre , cod_depar , cod_ciudad ) VALUES ('Filandia' , 63 ,63272 );
INSERT INTO ciudades ( ciudad_nombre , cod_depar , cod_ciudad ) VALUES ('Génova' , 63 ,63302 );
INSERT INTO ciudades ( ciudad_nombre , cod_depar , cod_ciudad ) VALUES ('La Tebaida' , 63 ,63401 );
INSERT INTO ciudades ( ciudad_nombre , cod_depar , cod_ciudad ) VALUES ('Montenegro' , 63 ,63470 );
INSERT INTO ciudades ( ciudad_nombre , cod_depar , cod_ciudad ) VALUES ('Pijao' , 63 ,63548 );
INSERT INTO ciudades ( ciudad_nombre , cod_depar , cod_ciudad ) VALUES ('Quimbaya' , 63 ,63594 );
INSERT INTO ciudades ( ciudad_nombre , cod_depar , cod_ciudad ) VALUES ('Salento' , 63 ,63690 );
INSERT INTO ciudades ( ciudad_nombre , cod_depar , cod_ciudad ) VALUES ('Pereira' , 66 ,66001 );
INSERT INTO ciudades ( ciudad_nombre , cod_depar , cod_ciudad ) VALUES ('Apía' , 66 ,66045 );
INSERT INTO ciudades ( ciudad_nombre , cod_depar , cod_ciudad ) VALUES ('Balboa' , 66 ,66075 );
INSERT INTO ciudades ( ciudad_nombre , cod_depar , cod_ciudad ) VALUES ('Belén De Umbría' , 66 ,66088 );
INSERT INTO ciudades ( ciudad_nombre , cod_depar , cod_ciudad ) VALUES ('Dosquebradas' , 66 ,66170 );
INSERT INTO ciudades ( ciudad_nombre , cod_depar , cod_ciudad ) VALUES ('Guática' , 66 ,66318 );
INSERT INTO ciudades ( ciudad_nombre , cod_depar , cod_ciudad ) VALUES ('La Celia' , 66 ,66383 );
INSERT INTO ciudades ( ciudad_nombre , cod_depar , cod_ciudad ) VALUES ('La Virginia' , 66 ,66400 );
INSERT INTO ciudades ( ciudad_nombre , cod_depar , cod_ciudad ) VALUES ('Marsella' , 66 ,66440 );
INSERT INTO ciudades ( ciudad_nombre , cod_depar , cod_ciudad ) VALUES ('Mistrató' , 66 ,66456 );
INSERT INTO ciudades ( ciudad_nombre , cod_depar , cod_ciudad ) VALUES ('Pueblo Rico' , 66 ,66572 );
INSERT INTO ciudades ( ciudad_nombre , cod_depar , cod_ciudad ) VALUES ('Quinchía' , 66 ,66594 );
INSERT INTO ciudades ( ciudad_nombre , cod_depar , cod_ciudad ) VALUES ('Santa Rosa De Cabal' , 66 ,66682 );
INSERT INTO ciudades ( ciudad_nombre , cod_depar , cod_ciudad ) VALUES ('Santuario' , 66 ,66687 );
INSERT INTO ciudades ( ciudad_nombre , cod_depar , cod_ciudad ) VALUES ('Bucaramanga' , 68 ,68001 );
INSERT INTO ciudades ( ciudad_nombre , cod_depar , cod_ciudad ) VALUES ('Aguada' , 68 ,68013 );
INSERT INTO ciudades ( ciudad_nombre , cod_depar , cod_ciudad ) VALUES ('Albania' , 68 ,68020 );
INSERT INTO ciudades ( ciudad_nombre , cod_depar , cod_ciudad ) VALUES ('Aratoca' , 68 ,68051 );
INSERT INTO ciudades ( ciudad_nombre , cod_depar , cod_ciudad ) VALUES ('Barbosa' , 68 ,68077 );
INSERT INTO ciudades ( ciudad_nombre , cod_depar , cod_ciudad ) VALUES ('Barichara' , 68 ,68079 );
INSERT INTO ciudades ( ciudad_nombre , cod_depar , cod_ciudad ) VALUES ('Barrancabermeja' , 68 ,68081 );
INSERT INTO ciudades ( ciudad_nombre , cod_depar , cod_ciudad ) VALUES ('Betulia' , 68 ,68092 );
INSERT INTO ciudades ( ciudad_nombre , cod_depar , cod_ciudad ) VALUES ('Bolívar' , 68 ,68101 );
INSERT INTO ciudades ( ciudad_nombre , cod_depar , cod_ciudad ) VALUES ('Cabrera' , 68 ,68121 );
INSERT INTO ciudades ( ciudad_nombre , cod_depar , cod_ciudad ) VALUES ('California' , 68 ,68132 );
INSERT INTO ciudades ( ciudad_nombre , cod_depar , cod_ciudad ) VALUES ('Capitanejo' , 68 ,68147 );
INSERT INTO ciudades ( ciudad_nombre , cod_depar , cod_ciudad ) VALUES ('Carcasí' , 68 ,68152 );
INSERT INTO ciudades ( ciudad_nombre , cod_depar , cod_ciudad ) VALUES ('Cepita' , 68 ,68160 );
INSERT INTO ciudades ( ciudad_nombre , cod_depar , cod_ciudad ) VALUES ('Cerrito' , 68 ,68162 );
INSERT INTO ciudades ( ciudad_nombre , cod_depar , cod_ciudad ) VALUES ('Charalá' , 68 ,68167 );
INSERT INTO ciudades ( ciudad_nombre , cod_depar , cod_ciudad ) VALUES ('Charta' , 68 ,68169 );
INSERT INTO ciudades ( ciudad_nombre , cod_depar , cod_ciudad ) VALUES ('Chima' , 68 ,68176 );
INSERT INTO ciudades ( ciudad_nombre , cod_depar , cod_ciudad ) VALUES ('Chipatá' , 68 ,68179 );
INSERT INTO ciudades ( ciudad_nombre , cod_depar , cod_ciudad ) VALUES ('Cimitarra' , 68 ,68190 );
INSERT INTO ciudades ( ciudad_nombre , cod_depar , cod_ciudad ) VALUES ('Concepción' , 68 ,68207 );
INSERT INTO ciudades ( ciudad_nombre , cod_depar , cod_ciudad ) VALUES ('Confines' , 68 ,68209 );
INSERT INTO ciudades ( ciudad_nombre , cod_depar , cod_ciudad ) VALUES ('Contratación' , 68 ,68211 );
INSERT INTO ciudades ( ciudad_nombre , cod_depar , cod_ciudad ) VALUES ('Coromoro' , 68 ,68217 );
INSERT INTO ciudades ( ciudad_nombre , cod_depar , cod_ciudad ) VALUES ('Curití' , 68 ,68229 );
INSERT INTO ciudades ( ciudad_nombre , cod_depar , cod_ciudad ) VALUES ('El Carmen De Chucurí' , 68 ,68235 );
INSERT INTO ciudades ( ciudad_nombre , cod_depar , cod_ciudad ) VALUES ('El Guacamayo' , 68 ,68245 );
INSERT INTO ciudades ( ciudad_nombre , cod_depar , cod_ciudad ) VALUES ('El Peñón' , 68 ,68250 );
INSERT INTO ciudades ( ciudad_nombre , cod_depar , cod_ciudad ) VALUES ('El Playón' , 68 ,68255 );
INSERT INTO ciudades ( ciudad_nombre , cod_depar , cod_ciudad ) VALUES ('Encino' , 68 ,68264 );
INSERT INTO ciudades ( ciudad_nombre , cod_depar , cod_ciudad ) VALUES ('Enciso' , 68 ,68266 );
INSERT INTO ciudades ( ciudad_nombre , cod_depar , cod_ciudad ) VALUES ('Florián' , 68 ,68271 );
INSERT INTO ciudades ( ciudad_nombre , cod_depar , cod_ciudad ) VALUES ('Floridablanca' , 68 ,68276 );
INSERT INTO ciudades ( ciudad_nombre , cod_depar , cod_ciudad ) VALUES ('Galán' , 68 ,68296 );
INSERT INTO ciudades ( ciudad_nombre , cod_depar , cod_ciudad ) VALUES ('Gambita' , 68 ,68298 );
INSERT INTO ciudades ( ciudad_nombre , cod_depar , cod_ciudad ) VALUES ('Girón' , 68 ,68307 );
INSERT INTO ciudades ( ciudad_nombre , cod_depar , cod_ciudad ) VALUES ('Guaca' , 68 ,68318 );
INSERT INTO ciudades ( ciudad_nombre , cod_depar , cod_ciudad ) VALUES ('Guadalupe' , 68 ,68320 );
INSERT INTO ciudades ( ciudad_nombre , cod_depar , cod_ciudad ) VALUES ('Guapota' , 68 ,68322 );
INSERT INTO ciudades ( ciudad_nombre , cod_depar , cod_ciudad ) VALUES ('Guavatá' , 68 ,68324 );
INSERT INTO ciudades ( ciudad_nombre , cod_depar , cod_ciudad ) VALUES ('Güepsa' , 68 ,68327 );
INSERT INTO ciudades ( ciudad_nombre , cod_depar , cod_ciudad ) VALUES ('Hato' , 68 ,68344 );
INSERT INTO ciudades ( ciudad_nombre , cod_depar , cod_ciudad ) VALUES ('Jesús María' , 68 ,68368 );
INSERT INTO ciudades ( ciudad_nombre , cod_depar , cod_ciudad ) VALUES ('Jordán' , 68 ,68370 );
INSERT INTO ciudades ( ciudad_nombre , cod_depar , cod_ciudad ) VALUES ('La Belleza' , 68 ,68377 );
INSERT INTO ciudades ( ciudad_nombre , cod_depar , cod_ciudad ) VALUES ('Landázuri' , 68 ,68385 );
INSERT INTO ciudades ( ciudad_nombre , cod_depar , cod_ciudad ) VALUES ('La Paz' , 68 ,68397 );
INSERT INTO ciudades ( ciudad_nombre , cod_depar , cod_ciudad ) VALUES ('Lebrija' , 68 ,68406 );
INSERT INTO ciudades ( ciudad_nombre , cod_depar , cod_ciudad ) VALUES ('Los Santos' , 68 ,68418 );
INSERT INTO ciudades ( ciudad_nombre , cod_depar , cod_ciudad ) VALUES ('Macaravita' , 68 ,68425 );
INSERT INTO ciudades ( ciudad_nombre , cod_depar , cod_ciudad ) VALUES ('Málaga' , 68 ,68432 );
INSERT INTO ciudades ( ciudad_nombre , cod_depar , cod_ciudad ) VALUES ('Matanza' , 68 ,68444 );
INSERT INTO ciudades ( ciudad_nombre , cod_depar , cod_ciudad ) VALUES ('Mogotes' , 68 ,68464 );
INSERT INTO ciudades ( ciudad_nombre , cod_depar , cod_ciudad ) VALUES ('Molagavita' , 68 ,68468 );
INSERT INTO ciudades ( ciudad_nombre , cod_depar , cod_ciudad ) VALUES ('Ocamonte' , 68 ,68498 );
INSERT INTO ciudades ( ciudad_nombre , cod_depar , cod_ciudad ) VALUES ('Oiba' , 68 ,68500 );
INSERT INTO ciudades ( ciudad_nombre , cod_depar , cod_ciudad ) VALUES ('Onzaga' , 68 ,68502 );
INSERT INTO ciudades ( ciudad_nombre , cod_depar , cod_ciudad ) VALUES ('Palmar' , 68 ,68522 );
INSERT INTO ciudades ( ciudad_nombre , cod_depar , cod_ciudad ) VALUES ('Palmas Del Socorro' , 68 ,68524 );
INSERT INTO ciudades ( ciudad_nombre , cod_depar , cod_ciudad ) VALUES ('Páramo' , 68 ,68533 );
INSERT INTO ciudades ( ciudad_nombre , cod_depar , cod_ciudad ) VALUES ('Piedecuesta' , 68 ,68547 );
INSERT INTO ciudades ( ciudad_nombre , cod_depar , cod_ciudad ) VALUES ('Pinchote' , 68 ,68549 );
INSERT INTO ciudades ( ciudad_nombre , cod_depar , cod_ciudad ) VALUES ('Puente Nacional' , 68 ,68572 );
INSERT INTO ciudades ( ciudad_nombre , cod_depar , cod_ciudad ) VALUES ('Puerto Parra' , 68 ,68573 );
INSERT INTO ciudades ( ciudad_nombre , cod_depar , cod_ciudad ) VALUES ('Puerto Wilches' , 68 ,68575 );
INSERT INTO ciudades ( ciudad_nombre , cod_depar , cod_ciudad ) VALUES ('Rionegro' , 68 ,68615 );
INSERT INTO ciudades ( ciudad_nombre , cod_depar , cod_ciudad ) VALUES ('Sabana De Torres' , 68 ,68655 );
INSERT INTO ciudades ( ciudad_nombre , cod_depar , cod_ciudad ) VALUES ('San Andrés' , 68 ,68669 );
INSERT INTO ciudades ( ciudad_nombre , cod_depar , cod_ciudad ) VALUES ('San Benito' , 68 ,68673 );
INSERT INTO ciudades ( ciudad_nombre , cod_depar , cod_ciudad ) VALUES ('San Gil' , 68 ,68679 );
INSERT INTO ciudades ( ciudad_nombre , cod_depar , cod_ciudad ) VALUES ('San Joaquín' , 68 ,68682 );
INSERT INTO ciudades ( ciudad_nombre , cod_depar , cod_ciudad ) VALUES ('San José De Miranda' , 68 ,68684 );
INSERT INTO ciudades ( ciudad_nombre , cod_depar , cod_ciudad ) VALUES ('San Miguel' , 68 ,68686 );
INSERT INTO ciudades ( ciudad_nombre , cod_depar , cod_ciudad ) VALUES ('San Vicente De Chucurí' , 68 ,68689 );
INSERT INTO ciudades ( ciudad_nombre , cod_depar , cod_ciudad ) VALUES ('Santa Barbara' , 68 ,68705 );
INSERT INTO ciudades ( ciudad_nombre , cod_depar , cod_ciudad ) VALUES ('Santa Helena Del Opón' , 68 ,68720 );
INSERT INTO ciudades ( ciudad_nombre , cod_depar , cod_ciudad ) VALUES ('Simacota' , 68 ,68745 );
INSERT INTO ciudades ( ciudad_nombre , cod_depar , cod_ciudad ) VALUES ('Socorro' , 68 ,68755 );
INSERT INTO ciudades ( ciudad_nombre , cod_depar , cod_ciudad ) VALUES ('Suaita' , 68 ,68770 );
INSERT INTO ciudades ( ciudad_nombre , cod_depar , cod_ciudad ) VALUES ('Sucre' , 68 ,68773 );
INSERT INTO ciudades ( ciudad_nombre , cod_depar , cod_ciudad ) VALUES ('Suratá' , 68 ,68780 );
INSERT INTO ciudades ( ciudad_nombre , cod_depar , cod_ciudad ) VALUES ('Tona' , 68 ,68820 );
INSERT INTO ciudades ( ciudad_nombre , cod_depar , cod_ciudad ) VALUES ('Valle De San José' , 68 ,68855 );
INSERT INTO ciudades ( ciudad_nombre , cod_depar , cod_ciudad ) VALUES ('Vélez' , 68 ,68861 );
INSERT INTO ciudades ( ciudad_nombre , cod_depar , cod_ciudad ) VALUES ('Vetas' , 68 ,68867 );
INSERT INTO ciudades ( ciudad_nombre , cod_depar , cod_ciudad ) VALUES ('Villanueva' , 68 ,68872 );
INSERT INTO ciudades ( ciudad_nombre , cod_depar , cod_ciudad ) VALUES ('Zapatoca' , 68 ,68895 );
INSERT INTO ciudades ( ciudad_nombre , cod_depar , cod_ciudad ) VALUES ('Sincelejo' , 70 ,70001 );
INSERT INTO ciudades ( ciudad_nombre , cod_depar , cod_ciudad ) VALUES ('Buenavista' , 70 ,70110 );
INSERT INTO ciudades ( ciudad_nombre , cod_depar , cod_ciudad ) VALUES ('Caimito' , 70 ,70124 );
INSERT INTO ciudades ( ciudad_nombre , cod_depar , cod_ciudad ) VALUES ('Coloso' , 70 ,70204 );
INSERT INTO ciudades ( ciudad_nombre , cod_depar , cod_ciudad ) VALUES ('Corozal' , 70 ,70215 );
INSERT INTO ciudades ( ciudad_nombre , cod_depar , cod_ciudad ) VALUES ('Chalan' , 70 ,70230 );
INSERT INTO ciudades ( ciudad_nombre , cod_depar , cod_ciudad ) VALUES ('El Roble' , 70 ,70233 );
INSERT INTO ciudades ( ciudad_nombre , cod_depar , cod_ciudad ) VALUES ('Galeras' , 70 ,70235 );
INSERT INTO ciudades ( ciudad_nombre , cod_depar , cod_ciudad ) VALUES ('Guaranda' , 70 ,70265 );
INSERT INTO ciudades ( ciudad_nombre , cod_depar , cod_ciudad ) VALUES ('La Unión' , 70 ,70400 );
INSERT INTO ciudades ( ciudad_nombre , cod_depar , cod_ciudad ) VALUES ('Los Palmitos' , 70 ,70418 );
INSERT INTO ciudades ( ciudad_nombre , cod_depar , cod_ciudad ) VALUES ('Majagual' , 70 ,70429 );
INSERT INTO ciudades ( ciudad_nombre , cod_depar , cod_ciudad ) VALUES ('Morroa' , 70 ,70473 );
INSERT INTO ciudades ( ciudad_nombre , cod_depar , cod_ciudad ) VALUES ('Ovejas' , 70 ,70508 );
INSERT INTO ciudades ( ciudad_nombre , cod_depar , cod_ciudad ) VALUES ('Palmito' , 70 ,70523 );
INSERT INTO ciudades ( ciudad_nombre , cod_depar , cod_ciudad ) VALUES ('Sampués' , 70 ,70670 );
INSERT INTO ciudades ( ciudad_nombre , cod_depar , cod_ciudad ) VALUES ('San Benito Abad' , 70 ,70678 );
INSERT INTO ciudades ( ciudad_nombre , cod_depar , cod_ciudad ) VALUES ('San Juan De Betulia' , 70 ,70702 );
INSERT INTO ciudades ( ciudad_nombre , cod_depar , cod_ciudad ) VALUES ('San Marcos' , 70 ,70708 );
INSERT INTO ciudades ( ciudad_nombre , cod_depar , cod_ciudad ) VALUES ('San Onofre' , 70 ,70713 );
INSERT INTO ciudades ( ciudad_nombre , cod_depar , cod_ciudad ) VALUES ('San Pedro' , 70 ,70717 );
INSERT INTO ciudades ( ciudad_nombre , cod_depar , cod_ciudad ) VALUES ('Sincé' , 70 ,70742 );
INSERT INTO ciudades ( ciudad_nombre , cod_depar , cod_ciudad ) VALUES ('Sucre' , 70 ,70771 );
INSERT INTO ciudades ( ciudad_nombre , cod_depar , cod_ciudad ) VALUES ('Santiago De Tolú' , 70 ,70820 );
INSERT INTO ciudades ( ciudad_nombre , cod_depar , cod_ciudad ) VALUES ('Toluviejo' , 70 ,70823 );
INSERT INTO ciudades ( ciudad_nombre , cod_depar , cod_ciudad ) VALUES ('Ibagué' , 73 ,73001 );
INSERT INTO ciudades ( ciudad_nombre , cod_depar , cod_ciudad ) VALUES ('Alpujarra' , 73 ,73024 );
INSERT INTO ciudades ( ciudad_nombre , cod_depar , cod_ciudad ) VALUES ('Alvarado' , 73 ,73026 );
INSERT INTO ciudades ( ciudad_nombre , cod_depar , cod_ciudad ) VALUES ('Ambalema' , 73 ,73030 );
INSERT INTO ciudades ( ciudad_nombre , cod_depar , cod_ciudad ) VALUES ('Anzoátegui' , 73 ,73043 );
INSERT INTO ciudades ( ciudad_nombre , cod_depar , cod_ciudad ) VALUES ('Armero' , 73 ,73055 );
INSERT INTO ciudades ( ciudad_nombre , cod_depar , cod_ciudad ) VALUES ('Ataco' , 73 ,73067 );
INSERT INTO ciudades ( ciudad_nombre , cod_depar , cod_ciudad ) VALUES ('Cajamarca' , 73 ,73124 );
INSERT INTO ciudades ( ciudad_nombre , cod_depar , cod_ciudad ) VALUES ('Carmen De Apicalá' , 73 ,73148 );
INSERT INTO ciudades ( ciudad_nombre , cod_depar , cod_ciudad ) VALUES ('Casabianca' , 73 ,73152 );
INSERT INTO ciudades ( ciudad_nombre , cod_depar , cod_ciudad ) VALUES ('Chaparral' , 73 ,73168 );
INSERT INTO ciudades ( ciudad_nombre , cod_depar , cod_ciudad ) VALUES ('Coello' , 73 ,73200 );
INSERT INTO ciudades ( ciudad_nombre , cod_depar , cod_ciudad ) VALUES ('Coyaima' , 73 ,73217 );
INSERT INTO ciudades ( ciudad_nombre , cod_depar , cod_ciudad ) VALUES ('Cunday' , 73 ,73226 );
INSERT INTO ciudades ( ciudad_nombre , cod_depar , cod_ciudad ) VALUES ('Dolores' , 73 ,73236 );
INSERT INTO ciudades ( ciudad_nombre , cod_depar , cod_ciudad ) VALUES ('Espinal' , 73 ,73268 );
INSERT INTO ciudades ( ciudad_nombre , cod_depar , cod_ciudad ) VALUES ('Falan' , 73 ,73270 );
INSERT INTO ciudades ( ciudad_nombre , cod_depar , cod_ciudad ) VALUES ('Flandes' , 73 ,73275 );
INSERT INTO ciudades ( ciudad_nombre , cod_depar , cod_ciudad ) VALUES ('Fresno' , 73 ,73283 );
INSERT INTO ciudades ( ciudad_nombre , cod_depar , cod_ciudad ) VALUES ('Guamo' , 73 ,73319 );
INSERT INTO ciudades ( ciudad_nombre , cod_depar , cod_ciudad ) VALUES ('Herveo' , 73 ,73347 );
INSERT INTO ciudades ( ciudad_nombre , cod_depar , cod_ciudad ) VALUES ('Honda' , 73 ,73349 );
INSERT INTO ciudades ( ciudad_nombre , cod_depar , cod_ciudad ) VALUES ('Icononzo' , 73 ,73352 );
INSERT INTO ciudades ( ciudad_nombre , cod_depar , cod_ciudad ) VALUES ('Lérida' , 73 ,73408 );
INSERT INTO ciudades ( ciudad_nombre , cod_depar , cod_ciudad ) VALUES ('Líbano' , 73 ,73411 );
INSERT INTO ciudades ( ciudad_nombre , cod_depar , cod_ciudad ) VALUES ('Mariquita' , 73 ,73443 );
INSERT INTO ciudades ( ciudad_nombre , cod_depar , cod_ciudad ) VALUES ('Melgar' , 73 ,73449 );
INSERT INTO ciudades ( ciudad_nombre , cod_depar , cod_ciudad ) VALUES ('Murillo' , 73 ,73461 );
INSERT INTO ciudades ( ciudad_nombre , cod_depar , cod_ciudad ) VALUES ('Natagaima' , 73 ,73483 );
INSERT INTO ciudades ( ciudad_nombre , cod_depar , cod_ciudad ) VALUES ('Ortega' , 73 ,73504 );
INSERT INTO ciudades ( ciudad_nombre , cod_depar , cod_ciudad ) VALUES ('Palocabildo' , 73 ,73520 );
INSERT INTO ciudades ( ciudad_nombre , cod_depar , cod_ciudad ) VALUES ('Piedras' , 73 ,73547 );
INSERT INTO ciudades ( ciudad_nombre , cod_depar , cod_ciudad ) VALUES ('Planadas' , 73 ,73555 );
INSERT INTO ciudades ( ciudad_nombre , cod_depar , cod_ciudad ) VALUES ('Prado' , 73 ,73563 );
INSERT INTO ciudades ( ciudad_nombre , cod_depar , cod_ciudad ) VALUES ('Purificación' , 73 ,73585 );
INSERT INTO ciudades ( ciudad_nombre , cod_depar , cod_ciudad ) VALUES ('Rioblanco' , 73 ,73616 );
INSERT INTO ciudades ( ciudad_nombre , cod_depar , cod_ciudad ) VALUES ('Roncesvalles' , 73 ,73622 );
INSERT INTO ciudades ( ciudad_nombre , cod_depar , cod_ciudad ) VALUES ('Rovira' , 73 ,73624 );
INSERT INTO ciudades ( ciudad_nombre , cod_depar , cod_ciudad ) VALUES ('Saldaña' , 73 ,73671 );
INSERT INTO ciudades ( ciudad_nombre , cod_depar , cod_ciudad ) VALUES ('San Antonio' , 73 ,73675 );
INSERT INTO ciudades ( ciudad_nombre , cod_depar , cod_ciudad ) VALUES ('San Luis' , 73 ,73678 );
INSERT INTO ciudades ( ciudad_nombre , cod_depar , cod_ciudad ) VALUES ('Santa Isabel' , 73 ,73686 );
INSERT INTO ciudades ( ciudad_nombre , cod_depar , cod_ciudad ) VALUES ('Suárez' , 73 ,73770 );
INSERT INTO ciudades ( ciudad_nombre , cod_depar , cod_ciudad ) VALUES ('Valle De San Juan' , 73 ,73854 );
INSERT INTO ciudades ( ciudad_nombre , cod_depar , cod_ciudad ) VALUES ('Venadillo' , 73 ,73861 );
INSERT INTO ciudades ( ciudad_nombre , cod_depar , cod_ciudad ) VALUES ('Villahermosa' , 73 ,73870 );
INSERT INTO ciudades ( ciudad_nombre , cod_depar , cod_ciudad ) VALUES ('Villarrica' , 73 ,73873 );
INSERT INTO ciudades ( ciudad_nombre , cod_depar , cod_ciudad ) VALUES ('Cali' , 76 ,76001 );
INSERT INTO ciudades ( ciudad_nombre , cod_depar , cod_ciudad ) VALUES ('Alcalá' , 76 ,76020 );
INSERT INTO ciudades ( ciudad_nombre , cod_depar , cod_ciudad ) VALUES ('Andalucía' , 76 ,76036 );
INSERT INTO ciudades ( ciudad_nombre , cod_depar , cod_ciudad ) VALUES ('Ansermanuevo' , 76 ,76041 );
INSERT INTO ciudades ( ciudad_nombre , cod_depar , cod_ciudad ) VALUES ('Argelia' , 76 ,76054 );
INSERT INTO ciudades ( ciudad_nombre , cod_depar , cod_ciudad ) VALUES ('Bolívar' , 76 ,76100 );
INSERT INTO ciudades ( ciudad_nombre , cod_depar , cod_ciudad ) VALUES ('Buenaventura' , 76 ,76109 );
INSERT INTO ciudades ( ciudad_nombre , cod_depar , cod_ciudad ) VALUES ('Guadalajara De Buga' , 76 ,76111 );
INSERT INTO ciudades ( ciudad_nombre , cod_depar , cod_ciudad ) VALUES ('Bugalagrande' , 76 ,76113 );
INSERT INTO ciudades ( ciudad_nombre , cod_depar , cod_ciudad ) VALUES ('Caicedonia' , 76 ,76122 );
INSERT INTO ciudades ( ciudad_nombre , cod_depar , cod_ciudad ) VALUES ('Calima' , 76 ,76126 );
INSERT INTO ciudades ( ciudad_nombre , cod_depar , cod_ciudad ) VALUES ('Candelaria' , 76 ,76130 );
INSERT INTO ciudades ( ciudad_nombre , cod_depar , cod_ciudad ) VALUES ('Cartago' , 76 ,76147 );
INSERT INTO ciudades ( ciudad_nombre , cod_depar , cod_ciudad ) VALUES ('Dagua' , 76 ,76233 );
INSERT INTO ciudades ( ciudad_nombre , cod_depar , cod_ciudad ) VALUES ('El Águila' , 76 ,76243 );
INSERT INTO ciudades ( ciudad_nombre , cod_depar , cod_ciudad ) VALUES ('El Cairo' , 76 ,76246 );
INSERT INTO ciudades ( ciudad_nombre , cod_depar , cod_ciudad ) VALUES ('El Cerrito' , 76 ,76248 );
INSERT INTO ciudades ( ciudad_nombre , cod_depar , cod_ciudad ) VALUES ('El Dovio' , 76 ,76250 );
INSERT INTO ciudades ( ciudad_nombre , cod_depar , cod_ciudad ) VALUES ('Florida' , 76 ,76275 );
INSERT INTO ciudades ( ciudad_nombre , cod_depar , cod_ciudad ) VALUES ('Ginebra' , 76 ,76306 );
INSERT INTO ciudades ( ciudad_nombre , cod_depar , cod_ciudad ) VALUES ('Guacarí' , 76 ,76318 );
INSERT INTO ciudades ( ciudad_nombre , cod_depar , cod_ciudad ) VALUES ('Jamundí' , 76 ,76364 );
INSERT INTO ciudades ( ciudad_nombre , cod_depar , cod_ciudad ) VALUES ('La Cumbre' , 76 ,76377 );
INSERT INTO ciudades ( ciudad_nombre , cod_depar , cod_ciudad ) VALUES ('La Unión' , 76 ,76400 );
INSERT INTO ciudades ( ciudad_nombre , cod_depar , cod_ciudad ) VALUES ('La Victoria' , 76 ,76403 );
INSERT INTO ciudades ( ciudad_nombre , cod_depar , cod_ciudad ) VALUES ('Obando' , 76 ,76497 );
INSERT INTO ciudades ( ciudad_nombre , cod_depar , cod_ciudad ) VALUES ('Palmira' , 76 ,76520 );
INSERT INTO ciudades ( ciudad_nombre , cod_depar , cod_ciudad ) VALUES ('Pradera' , 76 ,76563 );
INSERT INTO ciudades ( ciudad_nombre , cod_depar , cod_ciudad ) VALUES ('Restrepo' , 76 ,76606 );
INSERT INTO ciudades ( ciudad_nombre , cod_depar , cod_ciudad ) VALUES ('Riofrío' , 76 ,76616 );
INSERT INTO ciudades ( ciudad_nombre , cod_depar , cod_ciudad ) VALUES ('Roldanillo' , 76 ,76622 );
INSERT INTO ciudades ( ciudad_nombre , cod_depar , cod_ciudad ) VALUES ('San Pedro' , 76 ,76670 );
INSERT INTO ciudades ( ciudad_nombre , cod_depar , cod_ciudad ) VALUES ('Sevilla' , 76 ,76736 );
INSERT INTO ciudades ( ciudad_nombre , cod_depar , cod_ciudad ) VALUES ('Toro' , 76 ,76823 );
INSERT INTO ciudades ( ciudad_nombre , cod_depar , cod_ciudad ) VALUES ('Trujillo' , 76 ,76828 );
INSERT INTO ciudades ( ciudad_nombre , cod_depar , cod_ciudad ) VALUES ('Tuluá' , 76 ,76834 );
INSERT INTO ciudades ( ciudad_nombre , cod_depar , cod_ciudad ) VALUES ('Ulloa' , 76 ,76845 );
INSERT INTO ciudades ( ciudad_nombre , cod_depar , cod_ciudad ) VALUES ('Versalles' , 76 ,76863 );
INSERT INTO ciudades ( ciudad_nombre , cod_depar , cod_ciudad ) VALUES ('Vijes' , 76 ,76869 );
INSERT INTO ciudades ( ciudad_nombre , cod_depar , cod_ciudad ) VALUES ('Yotoco' , 76 ,76890 );
INSERT INTO ciudades ( ciudad_nombre , cod_depar , cod_ciudad ) VALUES ('Yumbo' , 76 ,76892 );
INSERT INTO ciudades ( ciudad_nombre , cod_depar , cod_ciudad ) VALUES ('Zarzal' , 76 ,76895 );
INSERT INTO ciudades ( ciudad_nombre , cod_depar , cod_ciudad ) VALUES ('Arauca' , 81 ,81001 );
INSERT INTO ciudades ( ciudad_nombre , cod_depar , cod_ciudad ) VALUES ('Arauquita' , 81 ,81065 );
INSERT INTO ciudades ( ciudad_nombre , cod_depar , cod_ciudad ) VALUES ('Cravo Norte' , 81 ,81220 );
INSERT INTO ciudades ( ciudad_nombre , cod_depar , cod_ciudad ) VALUES ('Fortul' , 81 ,81300 );
INSERT INTO ciudades ( ciudad_nombre , cod_depar , cod_ciudad ) VALUES ('Puerto Rondón' , 81 ,81591 );
INSERT INTO ciudades ( ciudad_nombre , cod_depar , cod_ciudad ) VALUES ('Saravena' , 81 ,81736 );
INSERT INTO ciudades ( ciudad_nombre , cod_depar , cod_ciudad ) VALUES ('Tame' , 81 ,81794 );
INSERT INTO ciudades ( ciudad_nombre , cod_depar , cod_ciudad ) VALUES ('Yopal' , 85 ,85001 );
INSERT INTO ciudades ( ciudad_nombre , cod_depar , cod_ciudad ) VALUES ('Aguazul' , 85 ,85010 );
INSERT INTO ciudades ( ciudad_nombre , cod_depar , cod_ciudad ) VALUES ('Chameza' , 85 ,85015 );
INSERT INTO ciudades ( ciudad_nombre , cod_depar , cod_ciudad ) VALUES ('Hato Corozal' , 85 ,85125 );
INSERT INTO ciudades ( ciudad_nombre , cod_depar , cod_ciudad ) VALUES ('La Salina' , 85 ,85136 );
INSERT INTO ciudades ( ciudad_nombre , cod_depar , cod_ciudad ) VALUES ('Maní' , 85 ,85139 );
INSERT INTO ciudades ( ciudad_nombre , cod_depar , cod_ciudad ) VALUES ('Monterrey' , 85 ,85162 );
INSERT INTO ciudades ( ciudad_nombre , cod_depar , cod_ciudad ) VALUES ('Nunchía' , 85 ,85225 );
INSERT INTO ciudades ( ciudad_nombre , cod_depar , cod_ciudad ) VALUES ('Orocué' , 85 ,85230 );
INSERT INTO ciudades ( ciudad_nombre , cod_depar , cod_ciudad ) VALUES ('Paz De Ariporo' , 85 ,85250 );
INSERT INTO ciudades ( ciudad_nombre , cod_depar , cod_ciudad ) VALUES ('Pore' , 85 ,85263 );
INSERT INTO ciudades ( ciudad_nombre , cod_depar , cod_ciudad ) VALUES ('Recetor' , 85 ,85279 );
INSERT INTO ciudades ( ciudad_nombre , cod_depar , cod_ciudad ) VALUES ('Sabanalarga' , 85 ,85300 );
INSERT INTO ciudades ( ciudad_nombre , cod_depar , cod_ciudad ) VALUES ('Sácama' , 85 ,85315 );
INSERT INTO ciudades ( ciudad_nombre , cod_depar , cod_ciudad ) VALUES ('San Luis De Palenque' , 85 ,85325 );
INSERT INTO ciudades ( ciudad_nombre , cod_depar , cod_ciudad ) VALUES ('Támara' , 85 ,85400 );
INSERT INTO ciudades ( ciudad_nombre , cod_depar , cod_ciudad ) VALUES ('Tauramena' , 85 ,85410 );
INSERT INTO ciudades ( ciudad_nombre , cod_depar , cod_ciudad ) VALUES ('Trinidad' , 85 ,85430 );
INSERT INTO ciudades ( ciudad_nombre , cod_depar , cod_ciudad ) VALUES ('Villanueva' , 85 ,85440 );
INSERT INTO ciudades ( ciudad_nombre , cod_depar , cod_ciudad ) VALUES ('Mocoa' , 86 ,86001 );
INSERT INTO ciudades ( ciudad_nombre , cod_depar , cod_ciudad ) VALUES ('Colon' , 86 ,86219 );
INSERT INTO ciudades ( ciudad_nombre , cod_depar , cod_ciudad ) VALUES ('Orito' , 86 ,86320 );
INSERT INTO ciudades ( ciudad_nombre , cod_depar , cod_ciudad ) VALUES ('Puerto Asís' , 86 ,86568 );
INSERT INTO ciudades ( ciudad_nombre , cod_depar , cod_ciudad ) VALUES ('Puerto Caicedo' , 86 ,86569 );
INSERT INTO ciudades ( ciudad_nombre , cod_depar , cod_ciudad ) VALUES ('Puerto Guzmán' , 86 ,86571 );
INSERT INTO ciudades ( ciudad_nombre , cod_depar , cod_ciudad ) VALUES ('Leguízamo' , 86 ,86573 );
INSERT INTO ciudades ( ciudad_nombre , cod_depar , cod_ciudad ) VALUES ('Sibundoy' , 86 ,86749 );
INSERT INTO ciudades ( ciudad_nombre , cod_depar , cod_ciudad ) VALUES ('San Francisco' , 86 ,86755 );
INSERT INTO ciudades ( ciudad_nombre , cod_depar , cod_ciudad ) VALUES ('San Miguel' , 86 ,86757 );
INSERT INTO ciudades ( ciudad_nombre , cod_depar , cod_ciudad ) VALUES ('Santiago' , 86 ,86760 );
INSERT INTO ciudades ( ciudad_nombre , cod_depar , cod_ciudad ) VALUES ('Valle Del Guamuez' , 86 ,86865 );
INSERT INTO ciudades ( ciudad_nombre , cod_depar , cod_ciudad ) VALUES ('Villagarzón' , 86 ,86885 );
INSERT INTO ciudades ( ciudad_nombre , cod_depar , cod_ciudad ) VALUES ('San Andrés' , 88 ,88001 );
INSERT INTO ciudades ( ciudad_nombre , cod_depar , cod_ciudad ) VALUES ('Providencia' , 88 ,88564 );
INSERT INTO ciudades ( ciudad_nombre , cod_depar , cod_ciudad ) VALUES ('Leticia' , 91 ,91001 );
INSERT INTO ciudades ( ciudad_nombre , cod_depar , cod_ciudad ) VALUES ('El Encanto' , 91 ,91263 );
INSERT INTO ciudades ( ciudad_nombre , cod_depar , cod_ciudad ) VALUES ('La Chorrera' , 91 ,91405 );
INSERT INTO ciudades ( ciudad_nombre , cod_depar , cod_ciudad ) VALUES ('La Pedrera' , 91 ,91407 );
INSERT INTO ciudades ( ciudad_nombre , cod_depar , cod_ciudad ) VALUES ('La Victoria' , 91 ,91430 );
INSERT INTO ciudades ( ciudad_nombre , cod_depar , cod_ciudad ) VALUES ('Miriti - Paraná' , 91 ,91460 );
INSERT INTO ciudades ( ciudad_nombre , cod_depar , cod_ciudad ) VALUES ('Puerto Alegría' , 91 ,91530 );
INSERT INTO ciudades ( ciudad_nombre , cod_depar , cod_ciudad ) VALUES ('Puerto Arica' , 91 ,91536 );
INSERT INTO ciudades ( ciudad_nombre , cod_depar , cod_ciudad ) VALUES ('Puerto Nariño' , 91 ,91540 );
INSERT INTO ciudades ( ciudad_nombre , cod_depar , cod_ciudad ) VALUES ('Puerto Santander' , 91 ,91669 );
INSERT INTO ciudades ( ciudad_nombre , cod_depar , cod_ciudad ) VALUES ('Tarapacá' , 91 ,91798 );
INSERT INTO ciudades ( ciudad_nombre , cod_depar , cod_ciudad ) VALUES ('Inírida' , 94 ,94001 );
INSERT INTO ciudades ( ciudad_nombre , cod_depar , cod_ciudad ) VALUES ('Barranco Minas' , 94 ,94343 );
INSERT INTO ciudades ( ciudad_nombre , cod_depar , cod_ciudad ) VALUES ('Mapiripana' , 94 ,94663 );
INSERT INTO ciudades ( ciudad_nombre , cod_depar , cod_ciudad ) VALUES ('San Felipe' , 94 ,94883 );
INSERT INTO ciudades ( ciudad_nombre , cod_depar , cod_ciudad ) VALUES ('Puerto Colombia' , 94 ,94884 );
INSERT INTO ciudades ( ciudad_nombre , cod_depar , cod_ciudad ) VALUES ('La Guadalupe' , 94 ,94885 );
INSERT INTO ciudades ( ciudad_nombre , cod_depar , cod_ciudad ) VALUES ('Cacahual' , 94 ,94886 );
INSERT INTO ciudades ( ciudad_nombre , cod_depar , cod_ciudad ) VALUES ('Pana Pana' , 94 ,94887 );
INSERT INTO ciudades ( ciudad_nombre , cod_depar , cod_ciudad ) VALUES ('Morichal' , 94 ,94888 );
INSERT INTO ciudades ( ciudad_nombre , cod_depar , cod_ciudad ) VALUES ('San José Del Guaviare' , 95 ,95001 );
INSERT INTO ciudades ( ciudad_nombre , cod_depar , cod_ciudad ) VALUES ('Calamar' , 95 ,95015 );
INSERT INTO ciudades ( ciudad_nombre , cod_depar , cod_ciudad ) VALUES ('El Retorno' , 95 ,95025 );
INSERT INTO ciudades ( ciudad_nombre , cod_depar , cod_ciudad ) VALUES ('Miraflores' , 95 ,95200 );
INSERT INTO ciudades ( ciudad_nombre , cod_depar , cod_ciudad ) VALUES ('Mitú' , 97 ,97001 );
INSERT INTO ciudades ( ciudad_nombre , cod_depar , cod_ciudad ) VALUES ('Caruru' , 97 ,97161 );
INSERT INTO ciudades ( ciudad_nombre , cod_depar , cod_ciudad ) VALUES ('Pacoa' , 97 ,97511 );
INSERT INTO ciudades ( ciudad_nombre , cod_depar , cod_ciudad ) VALUES ('Taraira' , 97 ,97666 );
INSERT INTO ciudades ( ciudad_nombre , cod_depar , cod_ciudad ) VALUES ('Papunaua' , 97 ,97777 );
INSERT INTO ciudades ( ciudad_nombre , cod_depar , cod_ciudad ) VALUES ('Yavaraté' , 97 ,97889 );
INSERT INTO ciudades ( ciudad_nombre , cod_depar , cod_ciudad ) VALUES ('Puerto Carreño' , 99 ,99001 );
INSERT INTO ciudades ( ciudad_nombre , cod_depar , cod_ciudad ) VALUES ('La Primavera' , 99 ,99524 );
INSERT INTO ciudades ( ciudad_nombre , cod_depar , cod_ciudad ) VALUES ('Santa Rosalía' , 99 ,99624 );
INSERT INTO ciudades ( ciudad_nombre , cod_depar , cod_ciudad ) VALUES ('Cumaribo' , 99 , 99773  ) ;